MQ 7,MQ 9,TGS 822,TGS 2600,TGS 2602,TGS 2611
0,0,0,3128,3611,9215
0,0,0,3332,3613,8455
0,0,0,3095,3946,7508
0,0,0,3786,3598,8916
0,0,0,2827,3792,8776
0,0,0,3206,4146,8552
0,0,0,3264,3440,8996
0,0,0,2981,3742,8633
0,0,0,3168,3613,8481
0,0,0,2896,3432,9072
0,0,0,2962,3893,9045
0,0,0,3055,3466,8537
0,0,0,3064,3468,8984
0,0,0,2973,3885,8670
0,0,0,3052,3466,8027
0,0,0,3136,4013,8960
0,0,0,2832,3116,8792
0,0,0,3434,3852,8380
0,0,0,3074,3480,8283
0,0,0,1823,3578,9032
0,0,0,2998,3708,8589
0,0,0,3271,3652,8410
0,0,0,3071,3592,8549
0,0,0,3800,3515,9001
0,0,0,2842,3936,8769
0,0,0,3330,3548,8441
0,0,0,2647,3374,8722
0,0,0,2714,3663,8788
0,0,0,3012,3873,8600
0,0,0,3141,3409,8636
0,0,0,2999,3430,9006
0,0,0,2857,3267,8825
0,0,0,3269,3640,9482
0,0,0,2910,3461,8496
0,0,0,2792,3828,8770
0,0,0,3327,3705,8245
0,0,0,2953,3312,8898
0,0,0,2939,3855,8803
0,0,0,3298,3735,9416
0,0,0,2985,3341,8748
0,0,0,3027,4379,8792
0,0,0,3233,3528,8512
0,0,0,3001,3261,8778
0,0,0,2941,3847,8743
0,0,0,3060,3752,8724
0,0,0,2713,3624,8804
0,0,0,3284,3625,8443
0,0,0,2918,3573,9024
0,0,0,3041,3710,8625
0,0,0,3018,3866,8758
0,0,0,2884,3830,8790
0,0,0,3016,3259,7513
0,0,0,2928,2988,8716
0,0,0,3088,3529,8633
0,0,0,2840,3502,8960
0,0,0,2802,4040,8809
0,0,0,3251,3622,8408
0,0,0,3097,3557,8604
0,0,0,2815,3853,8852
0,0,0,3020,3824,8702
0,0,0,3115,2554,9015
0,0,0,3220,3744,8499
0,0,0,2969,3445,8746
0,0,0,2862,3301,8809
0,0,0,3227,3553,8491
0,0,0,2953,3397,8918
0,0,0,2592,3559,8891
0,0,0,3066,3810,8600
0,0,0,3063,3536,8562
0,0,0,2961,3452,8792
0,0,0,2874,3854,8813
0,0,0,3200,3763,8612
0,0,0,2994,3310,8796
0,0,0,2926,3857,8769
0,0,0,3237,3702,8507
0,0,0,2880,3413,8896
0,0,0,2920,3924,8757
0,0,0,3166,3583,8584
0,0,0,2961,3295,8769
0,0,0,2322,4070,8859
0,0,0,3245,3756,8747
0,0,0,3137,4544,8498
0,0,0,2914,3492,9024
0,0,0,2803,3572,8578
0,0,0,2843,3178,8868
0,0,0,3156,3478,8671
0,0,0,3138,3635,9038
0,0,0,3069,3629,8616
0,0,0,3138,3392,8650
0,0,0,2754,3503,8996
0,0,0,3015,3756,8704
0,0,0,3180,3638,8411
0,0,0,3080,3396,8718
0,0,0,2951,3458,8902
0,0,0,2988,3845,8762
0,0,0,2677,3759,9028
0,0,0,2961,3342,8788
0,0,0,2916,3960,8748
0,0,0,2998,3706,9011
0,0,0,3131,3328,8694
0,0,0,3528,3682,8974
0,0,0,3097,3817,8621
0,0,0,1936,3530,8720
0,0,0,2815,3506,8904
0,0,0,1808,3773,8922
0,0,0,2990,3807,8643
0,0,0,2709,3609,8684
0,0,0,2903,3383,8840
0,0,0,2863,3623,8926
0,0,0,3637,3867,8690
0,0,0,3194,3627,8537
0,0,0,2854,3382,8717
0,0,0,2847,3671,8972
0,0,0,2948,3818,7941
0,0,0,3233,3672,8462
0,0,0,2952,3370,8543
0,0,0,2735,3700,8856
0,0,0,2938,3783,9793
0,0,0,3204,3700,8539
0,0,0,2561,3591,9350
0,0,0,2931,3842,8675
0,0,0,3298,3721,8364
0,0,0,3340,3654,8958
0,0,0,2943,3845,8690
0,0,0,2580,3511,8555
0,0,0,3240,3700,8980
0,0,0,3184,2068,8551
0,0,0,3113,3576,8892
0,0,0,3324,3784,8876
0,0,0,2884,3602,9061
0,0,0,3069,3740,9377
0,0,0,3029,3444,8842
0,0,0,2924,4031,8874
0,0,0,3190,3394,8622
0,0,0,2898,3486,9083
0,0,0,1904,3982,8849
0,0,0,3154,3644,8471
0,0,0,2945,3468,8794
0,0,0,2744,3936,8874
0,0,0,3166,3710,9507
0,0,0,3030,3527,8779
0,0,0,2834,3900,8768
0,0,0,3164,3662,8406
0,0,0,2992,3467,8815
0,0,0,2859,3902,8380
0,0,0,3198,3766,8432
0,0,0,3703,3685,8989
0,0,0,3091,3765,8732
0,0,0,3214,3638,8577
0,0,0,2918,3233,8853
0,0,0,2907,3974,8764
0,0,0,3086,3720,8708
0,0,0,3162,3316,8642
0,0,0,2941,3676,9046
0,0,0,3052,3893,8683
0,0,0,3192,3882,8590
0,0,0,2705,3725,8904
0,0,0,3260,3768,8586
0,0,0,2809,3539,8848
0,0,0,2835,3954,8484
0,0,0,3314,3776,8386
0,0,0,2939,3362,8814
0,0,0,2799,3915,8773
0,0,0,3038,3824,8988
0,0,0,3015,3341,8705
0,0,0,2852,3821,8818
0,0,0,2930,3707,8543
0,0,0,2941,3573,7883
0,0,0,2986,4225,8674
0,0,0,3112,2540,8381
0,0,0,2884,3452,8484
0,0,0,2824,5624,8794
0,0,0,3088,3777,9390
0,0,0,3126,3463,8742
0,0,0,2754,3778,8683
0,0,0,3171,3906,8612
0,0,0,3205,3594,8563
0,0,0,2924,3545,8902
0,0,0,2718,3809,8903
0,0,0,3044,4029,8700
0,0,0,3216,3750,8474
0,0,0,3020,3999,8685
0,0,0,2755,3689,8850
0,0,0,3100,3813,8610
0,0,0,2632,3788,8605
0,0,0,2978,3413,8837
0,0,0,2945,3970,8790
0,0,0,3227,3766,8518
0,0,0,3140,3563,8552
0,0,0,2589,3571,9099
0,0,0,2876,3922,8721
0,0,0,3116,3822,8495
0,0,0,2959,3448,8871
0,0,0,2899,3965,8764
0,0,0,3286,3747,8552
0,0,0,3105,3352,8692
0,0,0,526,3664,9026
0,0,0,3474,3669,8784
0,0,0,3066,3854,8711
0,0,0,3336,1864,8474
0,0,0,2839,3776,8797
0,0,0,2753,3752,8763
0,0,0,2910,4022,8756
0,0,0,3140,3664,8459
0,0,0,2920,3562,8818
0,0,0,2773,3992,7901
0,0,0,2871,3942,8577
0,0,0,3213,3790,8632
0,0,0,2467,3676,8666
0,0,0,2968,3429,8755
0,0,0,2868,3838,8838
0,0,80,2972,3806,8681
0,0,0,3196,3557,8613
0,0,0,3113,3592,8570
0,0,0,2955,3760,9011
0,0,0,2796,4083,8824
0,0,0,3061,3938,7332
0,0,0,3150,3635,8488
0,0,0,3128,3542,8772
0,0,0,2838,3618,9065
0,0,0,2919,4053,8784
0,0,0,3197,3689,11749
0,0,0,2724,3515,8703
0,0,0,2817,4018,8828
0,0,0,3355,3895,8568
0,0,0,3144,3632,8614
0,0,0,3585,3671,8890
0,0,0,2876,4009,8757
0,0,0,3346,3742,8376
0,0,0,2974,3392,8808
0,0,0,2730,3821,8281
0,0,0,3305,3882,9025
0,0,0,3188,3740,8587
0,0,0,3055,3520,8698
0,0,0,2693,4056,8885
0,0,0,3205,3777,8596
0,0,0,1883,3551,8870
0,0,0,2708,3779,8815
0,0,0,3148,3920,8640
0,0,0,2965,4233,8749
0,0,0,2902,3637,9000
0,0,0,2889,3648,8924
0,0,0,2752,3920,8916
0,0,0,3029,3974,8700
0,0,0,3225,2620,8500
0,0,0,3260,3743,8459
0,0,0,3031,4554,8708
0,0,0,2943,3656,8965
0,0,0,2668,3714,8823
0,0,0,2392,4084,8808
0,0,0,3020,3911,8720
0,0,0,3272,3869,8500
0,0,0,3070,3937,9016
0,0,0,2963,3484,8831
0,0,0,3028,3661,8402
0,0,0,2784,3796,8892
0,0,0,3042,4014,8660
0,0,0,3161,3690,8567
0,0,0,3481,3486,8660
0,0,0,2867,3652,9025
0,0,0,1670,4105,8811
0,0,0,2978,3904,8570
0,0,0,3239,3895,8436
0,0,0,3080,3852,8722
0,0,0,2936,3686,8993
0,0,0,2896,3941,8666
0,0,0,3208,3638,8560
0,0,0,3707,3724,9038
0,0,0,2884,3930,8048
0,0,0,3149,3735,8632
0,0,0,2888,3611,9036
0,0,0,6180,3576,8776
0,0,0,3049,3838,8824
0,0,0,3173,3720,8586
0,0,0,2862,3605,9009
0,0,0,3117,3716,8612
0,0,0,3056,3864,8634
0,0,0,2811,3930,8858
0,0,0,3335,3768,8369
0,0,0,2569,3580,8894
0,0,0,2754,3920,8806
0,0,0,3241,3714,8560
0,0,0,2913,3690,8874
0,0,0,2984,3986,8555
0,0,0,3146,3937,8543
0,0,0,2678,3730,8958
0,0,0,3042,3956,8569
0,0,0,2832,4545,8674
0,0,0,3136,3722,8922
0,0,0,3025,4061,8562
0,0,0,3202,3713,8688
0,0,0,3021,3632,8860
0,0,0,2688,3676,8802
0,0,0,2852,4092,8879
0,0,0,3273,3853,9297
0,0,0,3157,3764,8570
0,0,0,2983,3594,9028
0,0,0,3021,3981,8744
0,0,0,3152,3724,8627
0,0,0,2770,3836,8888
0,0,0,3250,3663,8536
0,0,0,2898,3556,9043
0,0,0,3072,3857,8780
0,0,0,3015,3601,8842
0,0,0,2706,3880,8929
0,0,0,3275,3862,9021
0,0,0,3020,3585,8678
0,0,0,2729,3950,9123
0,0,0,3079,3990,8511
0,0,0,3148,3811,8575
0,0,0,3327,3632,8976
0,0,0,2782,4138,8819
0,0,0,3252,3845,9382
0,0,0,2447,3763,8106
0,0,0,2952,3548,8771
0,0,0,2865,3861,8812
0,0,0,2733,3817,8822
0,0,0,3252,3829,8460
0,0,0,2962,3505,8702
0,0,0,2817,3833,8808
0,0,0,3298,3373,8438
0,0,0,3061,3498,8711
0,0,0,3132,3797,9001
0,0,0,2878,4048,8744
0,0,0,3289,3832,8319
0,0,0,2945,3570,8892
0,0,0,2918,4009,9254
0,0,0,3169,4023,8458
0,0,0,3016,3656,8746
0,0,0,2840,3898,8852
0,0,0,2933,3986,9416
0,0,0,3131,3718,8535
0,0,0,2733,3812,8798
0,0,0,2872,3403,9002
0,0,0,3256,3886,8386
0,0,0,3043,4694,8807
0,0,0,2958,3489,8987
0,0,0,2692,3817,8952
0,0,0,3059,3956,8567
0,0,0,3144,3826,8561
0,0,0,2859,3710,8934
0,0,0,2986,4079,8680
0,0,0,3048,4188,8685
0,0,0,2953,3658,8915
0,0,0,2831,4147,8811
0,0,0,3250,3808,8198
0,0,0,3027,3490,8599
0,0,0,2824,4131,8857
0,0,0,3096,3699,8655
0,0,0,2840,3985,8892
0,0,0,3149,3951,8655
0,0,0,2964,2889,8756
0,0,0,3034,3940,8426
0,0,0,3082,3564,8737
0,0,0,2774,4160,8830
0,0,0,3241,3798,8480
0,0,0,3009,3682,8747
0,0,0,3140,4019,8564
0,0,0,2848,3573,8865
0,0,0,3083,3907,9187
0,0,0,2944,4061,8941
0,0,0,2846,4116,8769
0,0,0,3184,3992,8570
0,0,0,2770,3969,8886
0,0,0,2983,4061,8658
0,0,0,3315,3847,8393
0,0,0,2985,3788,8909
0,0,0,2863,4053,8780
0,0,0,3218,3723,8560
0,0,0,2730,3869,8805
0,0,0,3153,3657,9528
0,0,0,2916,3526,8693
0,0,0,4649,3971,9066
0,0,0,2998,3932,8809
0,0,0,3194,3796,8524
0,0,0,2911,3650,8875
0,0,0,2947,4048,8676
0,0,0,3118,4032,8875
0,0,0,2965,3517,8667
0,0,0,3079,3657,8793
0,0,0,3104,3546,8698
0,0,0,2788,4196,8855
0,0,0,3086,4114,8632
0,0,0,3113,3747,8617
0,0,0,2969,3725,8904
0,0,0,2960,3992,8680
0,0,0,3241,3784,8445
0,0,0,2507,3796,9031
0,0,0,2912,4073,8319
0,0,0,4191,3995,9295
0,0,0,3232,3827,8488
0,0,0,3030,3652,8745
0,0,0,2766,3849,8975
0,0,0,2986,4117,8651
0,0,0,3254,4100,8388
0,0,0,3124,3612,8713
0,0,0,2792,3964,8854
0,0,0,3008,4097,8609
0,0,0,3081,3629,8579
0,0,0,3082,3732,8904
0,0,0,3095,4021,8598
0,0,0,3092,3729,8007
0,0,0,2930,3620,8894
0,0,0,2964,4136,8739
0,0,0,3269,3909,8460
0,0,0,3008,4379,8700
0,0,0,2856,4108,8401
0,0,0,3233,3780,8507
0,0,0,2738,3846,9023
0,0,0,2896,4073,8705
0,0,0,2368,4118,8743
0,0,0,3269,3859,8488
0,0,0,2993,3741,8774
0,0,0,1931,3932,8841
0,0,0,3293,3940,9228
0,0,0,2981,3580,8821
0,0,0,2808,4033,8859
0,0,0,2980,3986,8681
0,0,0,3304,3940,8436
0,0,0,3007,2308,8727
0,0,0,3273,3793,8893
0,0,0,2938,4121,8776
0,0,0,3305,4038,8395
0,0,0,2982,3727,8804
0,0,0,4113,3931,8888
0,0,0,2757,3932,8904
0,0,0,3068,4078,8676
0,0,0,3223,3828,8526
0,0,0,3105,4629,8638
0,0,0,3063,3748,7732
0,0,0,2952,4197,8724
0,0,0,3264,3969,8707
336,0,0,3339,3768,8256
0,0,0,2350,3897,8980
0,0,0,3038,4038,8640
0,0,0,3297,4418,8944
0,0,0,2992,3561,8314
0,0,0,2752,3954,8868
0,0,0,2972,4169,8575
0,0,0,3186,3887,8503
0,0,0,2651,3981,8940
0,0,0,3165,3898,8419
0,0,0,2787,3920,8898
0,0,0,3010,4149,8657
0,0,0,3289,3954,8446
0,0,0,2949,3816,8978
0,0,0,2903,4165,8512
0,0,0,3245,3916,8416
0,0,0,3012,3843,8776
0,0,0,2760,3888,8906
0,0,0,2725,3924,7829
0,0,0,3134,3742,8539
0,0,0,1991,3864,9483
0,0,0,2941,4032,8720
0,0,0,3159,3776,8523
0,0,0,2860,3823,9026
0,0,0,2799,3897,8828
0,0,0,2914,4093,8650
0,0,0,3298,3836,8461
0,0,0,2296,3820,9154
0,0,0,2851,4113,8499
0,0,0,3283,4141,8394
0,0,0,2881,3813,8444
0,0,0,3019,4141,8690
0,0,0,3184,3941,8532
0,0,0,3019,3530,8613
0,0,0,3033,4134,8650
0,0,0,3107,4031,8662
0,0,0,2666,3744,8985
0,0,0,3104,4174,8491
0,0,0,3069,4037,8752
0,0,0,2877,3664,8702
0,0,0,2708,3998,8939
0,0,0,2966,4140,8660
0,0,0,3197,3912,8476
0,0,0,3026,3672,8748
0,0,0,2926,3796,8980
0,0,0,3088,4049,8607
0,0,0,3136,3853,8594
0,0,0,2966,3786,8921
0,0,0,2848,4150,8748
0,0,0,3124,3776,8557
0,0,0,3044,3861,8959
0,0,0,2853,3161,8816
0,0,0,3322,3900,8397
0,0,0,2944,2759,8815
0,0,0,2772,4072,8808
0,0,0,3318,4091,8328
0,0,0,2860,3777,9048
0,0,0,3004,4115,8632
0,0,0,2916,3890,8617
0,0,0,3113,3831,9084
0,0,0,3042,4219,8711
0,0,0,3344,3807,8607
0,0,0,3634,3904,8907
0,0,0,3004,4075,8807
0,0,0,3080,3810,8566
0,0,0,2761,4004,8855
0,0,0,2964,4087,8682
0,0,0,3438,3988,8439
0,0,0,2203,3604,8846
0,0,0,2824,3885,8861
0,0,0,2895,4069,9112
0,0,0,3035,3630,8553
0,0,0,2831,3984,8809
0,0,0,3050,3913,8600
0,0,0,2953,4015,8519
0,0,0,2977,3662,8663
0,0,0,2734,3977,9008
0,0,0,2920,4110,8667
0,0,0,2645,4052,8419
0,0,0,2296,3695,8804
0,0,0,2822,4245,8901
0,0,0,2894,4119,8648
0,0,0,2862,4204,8769
0,0,0,3046,4052,8635
0,0,0,2938,3828,9016
0,0,0,2944,3410,8746
0,0,0,3288,3922,8396
0,0,0,2990,3733,8779
0,0,0,2934,4068,8676
0,0,0,3238,3953,8452
0,0,0,2920,3684,8804
0,0,0,2865,4081,8829
0,0,0,3024,4094,8699
0,0,0,3268,3933,8472
0,0,0,3108,5030,8646
0,0,0,3028,3720,8791
0,0,0,2672,3924,8962
0,0,0,3140,4137,8686
0,0,0,3101,3907,8652
0,0,0,2812,3544,8896
0,0,0,3136,4223,8658
0,0,0,3114,3620,8615
0,0,0,4022,3887,8914
0,0,0,2936,4376,8786
0,0,0,3222,3942,8474
0,0,0,3099,3776,8846
0,0,0,2962,4128,8045
0,0,0,3341,4032,8379
0,0,0,2997,3644,8740
0,0,0,3788,4185,8878
0,0,0,2808,4166,8777
0,0,0,3066,4596,8598
0,0,0,2982,3896,8932
0,0,0,2857,4497,8746
0,0,0,3020,4244,8801
0,0,0,3186,3904,8368
0,0,0,3050,3811,8759
0,0,0,2708,3967,8896
0,0,0,3055,4687,8768
0,0,0,3114,3307,8808
0,0,0,2728,4017,8864
0,0,0,3069,4180,8589
0,0,0,3231,3967,8388
0,0,0,2339,3685,8715
0,0,0,2679,3933,8366
0,0,0,3091,4210,8693
0,0,0,3252,3864,8566
0,0,0,2967,3413,8907
0,0,0,2846,4272,8818
0,0,0,3313,3909,8484
0,0,0,2971,3853,8963
0,0,0,2805,4200,8824
0,0,0,3347,4022,9356
0,0,0,2849,3906,8713
0,0,0,2938,4212,8632
0,0,0,2771,4597,8553
0,0,0,2898,3865,9006
0,0,0,2970,4331,8724
0,0,0,3205,3923,8512
0,0,0,3136,3623,8794
0,0,0,3904,3852,9015
0,0,0,2862,4212,8768
0,0,0,3245,3627,8464
0,0,0,3132,3625,8675
0,0,0,2846,3915,8716
0,0,0,3453,4205,8751
0,0,0,3079,4102,8674
0,0,0,3246,3854,9082
0,0,0,3099,4160,8672
0,0,0,3096,4122,8754
0,0,0,3666,3920,8882
0,0,0,2768,4340,8853
0,0,0,3002,3980,8860
0,0,0,2988,3813,8924
0,0,0,2929,4376,8727
0,0,0,3311,4005,8406
0,0,0,2901,3929,9049
0,0,0,2940,4158,8682
0,0,0,3284,4379,8485
0,0,0,2997,3776,8768
0,0,0,2926,4166,8647
0,0,0,3343,4140,8779
0,0,0,2923,2838,9087
0,0,0,2954,4220,8586
0,0,0,3271,4034,8604
0,0,0,2907,3840,9096
0,0,0,3018,4248,8732
0,0,0,3072,3849,8604
0,0,0,2958,3839,8992
0,0,0,2836,4310,8804
0,0,0,3172,3888,8537
0,0,0,2313,3952,9010
0,0,0,2842,4207,8912
0,0,0,3368,3957,8503
0,0,0,3052,3752,8771
0,0,0,2824,4266,8774
0,0,0,3368,4126,8583
0,0,0,2977,3630,8785
0,0,0,2808,3994,8845
0,0,0,3012,4200,8785
0,0,0,3320,4094,8322
0,0,0,3014,3912,8476
0,0,0,2884,4181,8754
0,0,0,3256,4013,8482
0,0,0,2929,3797,8371
0,0,0,2935,4344,8662
0,0,0,2951,4182,8061
0,0,0,3003,4137,8512
0,0,0,3052,4469,8612
0,0,0,2272,3892,9034
0,0,0,2803,4265,8663
0,0,0,3249,3882,8512
0,0,0,2932,3975,8968
0,0,0,2633,4106,8877
0,0,0,3096,4360,8610
0,0,0,2855,4218,8873
0,0,0,3906,4195,8395
0,0,0,2744,3823,8900
0,0,0,3474,3977,8855
0,0,0,3023,4242,8666
0,0,0,3232,4252,8190
0,0,0,3030,3839,8772
0,0,0,2818,4149,8887
0,0,0,3124,3952,8523
0,0,0,2840,4116,8791
0,0,0,3258,4139,8444
0,0,0,2967,3708,8669
0,0,0,2925,4337,8725
0,0,0,3232,2602,8534
0,0,0,2561,3856,9012
0,0,0,2692,2484,8959
0,0,0,3184,3939,8461
0,0,0,2759,3961,8873
0,0,0,3062,3868,8736
0,0,0,3283,3963,8463
0,0,0,2929,3876,8683
0,0,0,2930,4267,8708
0,0,0,3138,3904,8552
0,0,0,3016,3960,9000
0,0,0,3017,4176,8381
0,0,0,3225,4072,8513
0,0,0,3097,3713,8732
0,0,0,2834,4363,8800
0,0,0,3158,4071,8666
0,0,0,3238,3941,8594
0,0,0,2881,3752,8892
0,0,0,2768,3818,8896
0,0,0,2944,3476,8730
0,0,0,3243,4112,8388
0,0,0,2998,3793,8810
0,0,0,2838,4025,8736
0,0,0,3275,4183,8864
0,0,0,2921,3790,8793
0,0,0,3148,4565,8664
0,0,0,3087,4798,8681
0,0,0,2959,3866,8991
0,0,0,3067,4286,8582
0,0,0,3185,3912,8598
0,0,0,3055,3911,8916
0,0,0,2896,4321,8763
0,0,0,2985,3761,8761
0,0,0,2752,4126,8889
0,0,0,3041,4222,8722
0,0,0,3146,4549,8582
0,0,0,2796,4180,8881
0,0,0,3146,4084,8744
0,0,0,3004,3864,8752
0,0,0,2984,4294,8681
0,0,0,3104,3635,9111
0,0,0,2840,4032,8866
0,0,0,2976,4175,8649
0,0,0,3035,3705,8682
0,0,0,2532,4063,8860
0,0,0,2921,4085,8890
0,0,0,3148,3792,8749
0,0,0,2732,4236,8918
0,0,0,3287,4157,8180
0,0,0,2959,3885,8444
0,0,0,2863,4376,8770
0,0,0,3200,3994,8212
0,0,0,3174,4148,8936
0,0,0,2918,4353,8702
0,0,0,3324,4721,8698
0,0,0,3019,4313,8640
0,0,0,3101,3821,8536
0,0,0,2835,4388,8814
0,0,0,3316,4041,8510
0,0,0,3100,3776,8656
0,0,0,2764,4152,8879
0,0,0,3123,4146,8515
0,0,0,2901,4345,8763
0,0,0,3268,4054,8438
0,0,0,3084,3768,8691
0,0,0,2815,4148,8837
0,0,0,2842,4282,8796
0,0,0,3725,3684,8743
0,0,0,2759,4095,9000
0,0,0,3111,4100,8706
0,0,0,3157,3961,8608
0,0,0,2676,4170,8644
0,0,0,3104,4190,8595
0,0,0,3138,4118,8522
0,0,0,3055,3901,8972
0,0,0,2029,4354,8792
0,0,0,3266,3991,8519
0,0,0,3012,4270,9010
0,0,0,2816,4368,8856
0,0,0,3317,4057,9365
0,0,0,3046,4000,8958
0,0,0,3177,4114,8499
0,0,0,1655,3984,8847
0,0,0,3423,4088,8366
0,0,0,2663,3987,8882
0,0,0,2907,4231,8769
0,0,0,3010,3812,8323
0,0,0,3618,4268,8721
0,0,0,3166,3800,8696
0,0,0,3018,4242,8712
0,0,0,2937,4022,8994
0,0,0,2998,4176,8595
0,0,0,3052,3774,8865
0,0,0,3033,4330,8619
0,0,0,2951,3740,8845
0,0,0,2884,4262,8457
0,0,0,3246,3957,8478
0,0,0,2833,4119,8858
0,0,0,3257,4162,8478
0,0,0,2898,3811,8745
0,0,0,3064,4187,8619
0,0,0,2783,3801,8736
0,0,0,3011,4262,8713
0,0,0,3097,4592,8609
0,0,0,2945,4279,8713
0,0,0,3136,3835,8761
0,0,0,2806,4372,8864
0,0,0,3067,3099,8809
0,0,0,2976,4261,8339
0,0,0,3214,4364,8607
0,0,0,3060,4266,8659
0,0,0,3266,4042,8565
0,0,0,2937,3720,8677
0,0,0,2793,4155,8849
0,0,0,3095,4048,8666
0,0,0,2963,3918,8920
0,0,0,3353,4006,8384
0,0,0,3240,4041,8899
0,0,0,3059,3978,8644
0,0,0,3009,3750,8684
0,0,0,3000,4325,8570
0,0,0,3224,3946,8653
0,0,0,2884,3907,8970
0,0,0,3062,4340,8692
0,0,0,3195,4155,8413
0,0,0,2974,4018,8996
0,0,0,2868,4368,8785
0,0,0,3117,4268,8585
0,0,0,3129,4091,8695
0,0,0,2996,3996,8880
0,0,0,2641,4000,9061
0,0,0,3251,4072,8490
0,0,0,2974,3979,9032
0,0,0,2772,4103,8608
0,0,0,3056,4360,8569
0,0,0,3136,4104,8604
0,0,0,2773,4068,8865
0,0,0,2772,4214,8450
0,0,0,2888,3921,8873
0,0,0,2924,4259,8664
0,0,0,3274,4058,8490
0,0,0,2701,3399,8902
0,0,0,3259,4048,7768
0,0,0,3018,3896,8868
0,0,0,3081,4333,8746
0,0,0,3173,3948,8537
0,0,0,2915,4063,8637
0,0,0,3346,4025,8542
0,0,0,2936,3883,8855
0,0,0,3038,2940,8704
0,0,0,2790,4151,8832
0,0,0,3406,4240,9393
0,0,0,3045,3757,8813
0,0,0,2904,4353,8793
0,0,0,3067,4220,9458
0,0,0,3106,4442,8604
0,0,0,2633,4116,8948
0,0,0,2960,4305,8672
0,0,0,3232,4079,8534
0,0,0,2881,4133,9041
0,0,0,3057,4295,8649
0,0,0,2941,4479,8664
0,0,0,2722,3905,8328
0,0,0,3195,4276,8585
0,0,0,3059,4059,8724
0,0,0,2718,4064,9041
0,0,0,3037,4389,8808
0,0,0,3167,3976,8598
0,0,0,3401,4579,8942
0,0,0,2871,3202,8814
0,0,0,3250,4093,8416
0,0,0,3035,4112,8961
0,0,0,2936,4263,8700
0,0,0,3311,4212,8428
0,0,0,3094,3710,8819
0,0,0,2850,4111,8855
0,0,0,1818,4182,8391
0,0,0,2936,3955,9033
0,0,0,2822,4138,8790
0,0,0,3317,4266,8442
0,0,0,3003,3817,8793
0,0,0,2778,4280,8871
0,0,0,3263,4162,8405
0,0,0,2952,3833,8720
0,0,0,2910,4529,8789
0,0,0,3179,4096,8518
0,0,0,2961,4044,8947
0,0,0,2698,3803,8934
0,0,0,3208,4213,8604
0,0,0,2311,4796,8668
0,0,0,3061,3957,9075
0,0,0,2516,4321,8906
0,0,0,3080,4109,8608
0,0,0,3221,4258,9200
0,0,0,3113,3904,8697
0,0,0,2840,4867,8746
0,0,0,3286,4156,9614
0,0,0,3116,3873,8722
0,0,0,3716,4001,8965
0,0,0,2918,4376,8739
0,0,0,2992,4394,7423
0,0,0,3297,4257,8424
0,0,0,3044,4308,8628
0,0,0,3047,4064,8922
0,0,0,2779,4391,8768
0,0,0,3062,4386,8691
0,0,0,2632,4225,8804
0,0,0,3085,3845,8280
0,0,0,2704,3972,9040
0,0,0,2969,3954,8964
0,0,0,3274,4129,8456
0,0,0,3168,4826,8646
0,0,0,2897,3892,6365
0,0,0,2990,4356,9270
0,0,0,3256,4165,8494
0,0,0,3120,4120,8616
0,0,0,2651,4119,8992
0,0,0,2784,4124,8830
0,0,0,2869,4328,8812
0,0,0,3347,4275,10507
0,0,0,3108,4120,8659
0,0,0,3332,4008,8943
0,0,0,2820,4460,8866
0,0,0,3220,4274,8607
0,0,0,2567,3877,8756
0,0,0,2796,4165,8914
0,0,0,3454,4167,9806
0,0,0,3018,4760,8676
0,0,0,2750,4165,8793
0,0,0,3290,4232,8336
0,0,0,3380,3610,9065
0,0,0,2998,4264,8713
0,0,0,3224,4956,8646
0,0,0,2872,4002,8028
0,0,0,2903,4577,8810
0,0,0,3128,4299,8650
0,0,0,3288,4144,8457
0,0,0,3058,3834,8441
0,0,0,3042,3990,8820
0,0,0,2569,4248,8858
0,0,0,3359,4250,9026
0,0,0,3028,3609,8815
0,0,0,2868,4368,8736
0,0,0,3301,4872,8414
0,0,0,2974,3813,8290
0,0,0,2843,4307,8820
0,0,0,3060,4218,8678
0,0,0,3284,4193,8578
0,0,0,3311,4124,8994
0,0,0,3112,4229,8602
0,0,0,3069,3869,9078
0,0,0,3195,4310,8536
0,0,0,2951,3991,8905
0,0,0,2985,4322,8743
0,0,0,3224,4055,8610
0,0,0,2991,4468,8479
0,0,0,3211,4043,8544
0,0,0,3085,3968,8964
0,0,0,3122,4302,8633
0,0,0,3160,4338,8680
0,0,0,2976,4332,8950
0,0,0,2784,4233,8933
0,0,0,3098,3786,8764
0,0,0,2835,4226,8783
0,0,0,3058,4256,8523
0,0,0,2916,3991,8927
0,0,0,2884,4460,8783
0,0,0,3062,4138,8576
0,0,0,3266,3075,8481
0,0,0,2990,3876,8882
0,0,0,2936,4426,8731
0,0,0,3154,3993,8479
0,0,0,3260,4084,8479
0,0,0,2993,3973,8876
0,0,0,2672,4136,8809
0,0,0,3190,4314,8613
0,0,0,3362,4203,9863
0,0,0,3196,4852,8640
0,0,0,2904,4028,9039
0,0,0,3078,4288,8653
0,0,0,3048,3886,8777
0,0,0,2800,4437,8774
0,0,0,3145,4189,8390
0,0,0,2991,4045,8974
0,0,0,2790,4393,8833
0,0,0,3333,4160,8206
0,0,0,2972,4095,8863
0,0,0,2840,3892,8729
0,0,0,2936,4320,8546
0,0,0,3069,4650,8096
0,0,0,3021,4008,8972
0,0,0,2826,4921,8693
0,0,0,3136,4498,8658
0,0,0,3238,4556,8516
0,0,0,4112,3828,8581
0,0,0,2877,3798,9037
0,0,0,3140,4288,8613
0,0,0,3207,4090,8456
0,0,0,3179,4002,8959
0,0,0,3116,4354,8629
0,0,0,3144,3804,8782
0,0,0,2986,4370,8600
0,0,0,3258,4171,8514
0,0,0,3506,3961,8488
0,0,0,2776,4184,8872
0,0,0,3257,4198,8416
0,0,0,3016,4014,8931
0,0,0,2994,4529,8640
0,0,0,3093,4297,8721
0,0,0,2806,4288,8827
0,0,0,2972,4362,8581
0,0,0,3152,4399,8562
0,0,0,3048,4163,8200
0,0,0,2801,4410,8768
0,0,0,3317,4074,8420
0,0,0,2994,4042,8584
0,0,0,2858,4409,8181
0,0,0,3345,4284,8484
0,0,0,3048,4061,8839
0,0,0,2805,4125,8803
0,0,0,3335,4233,8406
0,0,0,2954,3938,8864
0,0,0,3026,4363,8679
0,0,0,3094,3920,8699
0,0,0,2837,4485,8823
0,0,0,3293,4164,8412
0,0,0,2805,4425,8754
0,0,0,3304,4204,8470
0,0,0,2869,3960,8698
0,0,0,3037,4178,8585
0,0,0,2435,4149,8700
0,0,0,3508,4121,8969
0,0,0,3188,4847,8591
0,0,0,3216,3037,8702
0,0,0,2814,4120,8885
0,0,0,3359,4323,8699
0,0,0,3030,3842,8739
0,0,0,2874,4424,8772
0,0,0,2643,4156,8553
0,0,0,2887,4066,8998
0,0,0,2998,4496,8799
0,0,0,2256,4172,8558
0,0,0,2997,3856,8699
0,0,0,2786,4276,8879
0,0,0,3000,4365,8182
0,0,0,3207,4149,8520
0,0,0,2993,3838,8675
0,0,0,2240,4250,8915
0,0,0,3216,4221,8441
0,0,0,3146,5194,8618
0,0,0,2740,4282,9077
0,0,0,3302,4256,8353
0,0,0,3200,3932,8669
0,0,0,2680,4164,7985
0,0,0,3293,4273,9135
0,0,0,2992,3952,8702
0,0,0,2941,4080,8889
0,0,0,3116,4406,8584
0,0,0,3321,4193,8318
0,0,0,3111,4007,8829
0,0,0,2790,4194,8374
0,0,0,3188,4378,8632
0,0,0,3211,4102,8529
0,0,0,3018,4160,8962
0,0,0,2850,4574,8809
0,0,0,3286,4160,8375
0,0,0,2960,4032,8946
0,0,0,2840,4519,8826
0,0,0,3182,4148,8432
0,0,0,2918,4138,9008
0,0,0,2991,4374,8584
0,0,0,3202,4500,8749
0,0,0,2646,4099,8927
0,0,0,3327,4253,9369
0,0,0,2954,3928,8808
0,0,0,2856,4238,8768
0,0,0,3264,4198,8482
0,0,0,3276,4226,9028
0,0,0,3016,4289,8645
0,0,0,3137,4539,8612
0,0,0,3206,3966,8974
0,0,0,3121,4280,8656
0,0,0,2989,4032,8752
0,0,0,2880,4508,8772
0,0,0,3126,4054,8602
0,0,0,3460,4064,8933
0,0,0,2898,4490,8747
0,0,0,3082,4095,7969
0,0,0,3861,4055,8906
0,0,0,2840,4379,8855
0,0,0,3138,4593,8576
0,0,0,4114,4202,8828
0,0,0,3244,4319,8909
0,0,0,3088,3876,8711
0,0,0,2926,4432,8794
0,0,0,3243,4213,8491
0,0,0,3065,3845,8677
0,0,0,3883,4342,9028
0,0,0,3048,4407,8551
0,0,0,3226,4139,8534
0,0,0,3703,4164,8938
0,0,0,3282,4181,8396
0,0,0,3049,4071,8522
0,0,0,2837,4476,8691
0,0,0,3320,5078,9387
0,0,0,2953,3744,8922
0,0,0,2899,3885,8800
0,0,0,3327,4410,8648
0,0,0,3085,3858,8267
0,0,0,2814,4254,8866
0,0,0,4068,4386,8789
0,0,0,3208,4084,8624
0,0,0,2658,4250,8966
0,0,0,2961,4422,8671
0,0,0,3392,4291,8391
0,0,0,2939,3954,8788
0,0,0,2856,4323,8827
0,0,0,3076,4344,8692
0,0,0,3295,4186,8427
0,0,0,3098,4170,8742
0,0,0,2777,4209,8832
0,0,0,3151,4396,8812
0,0,0,3130,4148,8473
0,0,0,2794,4276,8869
0,0,0,2978,4378,8574
0,0,0,3260,4167,8527
0,0,0,3095,4323,8561
0,0,0,2962,4127,9026
0,0,0,2865,4481,8707
0,0,0,3084,4572,8665
0,0,0,3258,4189,8388
0,0,0,3100,4024,8759
0,0,0,2807,3753,8872
0,0,0,3674,4187,8392
0,0,0,2974,4167,8946
0,0,0,2881,4335,8713
0,0,0,3168,4091,8505
0,0,0,3201,4180,8924
0,0,0,2885,4524,8770
0,0,0,3312,4211,8430
0,0,0,2935,4105,8984
0,0,0,2823,4235,8828
0,0,0,2856,4256,8904
0,0,0,3375,4269,8391
0,0,0,3115,4438,8722
0,0,0,2743,4195,8899
0,0,0,2968,4162,8738
0,0,0,3461,4157,8426
0,0,0,3043,4219,8917
0,0,0,2861,4440,8775
0,0,0,3445,4340,9347
0,0,0,3014,3954,8820
0,0,0,2792,4236,8828
0,0,0,2757,4240,8841
0,0,0,3288,4129,8462
0,0,0,2947,4108,9055
0,0,0,2882,4422,8724
0,0,0,3089,4482,8749
0,0,0,3128,4676,9146
0,0,0,2890,4128,9032
0,0,0,3000,4390,8610
0,0,0,3080,4421,8634
0,0,0,3149,4806,8719
0,0,0,3408,4212,8966
0,0,0,2912,4406,8775
0,0,0,3176,4372,8608
0,0,0,3114,4464,8667
0,0,0,2950,4141,8947
0,0,0,2815,4270,8813
0,0,0,2885,4523,8786
0,0,0,3430,4256,9297
0,0,0,3075,4351,8629
0,0,0,2907,4080,8930
0,0,0,2780,4398,8872
0,0,0,2229,4483,8699
0,0,0,3320,4368,9163
0,0,0,3220,4117,9137
0,0,0,3048,3310,8774
0,0,0,2808,4697,8864
0,0,0,2912,4444,8730
0,0,0,3272,4403,8697
0,0,0,3251,4212,8190
0,0,0,3165,5143,8619
0,0,0,2906,4078,7935
0,0,0,3507,4277,8882
0,0,0,2936,4464,8607
0,0,0,3456,4386,8602
0,0,0,3138,4093,8533
0,0,0,2962,4136,9368
0,0,0,2973,4457,8431
0,0,0,3360,4347,9760
0,0,0,3008,3938,8626
0,0,0,2939,4164,8991
0,0,0,2849,4494,8709
0,0,0,3094,4426,8661
0,0,0,3140,4510,8616
0,0,0,3802,4228,9323
0,0,0,2933,5240,8132
0,0,0,3297,4230,8507
0,0,0,2981,4056,9054
0,0,0,2964,4456,8732
0,0,0,2828,4410,8506
0,0,0,3256,4296,8557
0,0,0,3008,4102,8898
0,0,0,2747,4315,8811
0,0,0,2925,4522,8890
0,0,0,2754,4295,8614
0,0,0,3131,4173,8596
0,0,0,3120,3910,8704
0,0,0,4036,4200,8982
0,0,0,2987,4485,8942
0,0,0,3158,4405,8650
0,0,0,3227,628,8557
0,0,0,2970,4062,8979
0,0,0,2747,4222,8781
0,0,0,3146,4220,8680
0,0,0,3298,4090,8489
0,0,0,2957,3519,8769
0,0,0,4171,4208,8854
0,0,0,2965,4564,8730
0,0,0,3157,4115,8532
0,0,0,3558,4271,8876
0,0,0,4713,4385,8591
0,0,0,3304,4316,8503
0,0,0,2883,3777,8928
0,0,0,2562,4308,8804
0,0,0,3348,4324,8393
0,0,0,3011,3972,8799
0,0,0,2870,4280,8780
0,0,0,3244,4438,8623
0,0,0,3068,4718,8669
0,0,0,2874,4264,8740
0,0,0,3124,4404,8711
0,0,0,3137,3960,8829
0,0,0,3110,4496,8738
0,0,0,3333,4246,8470
0,0,0,2802,4056,9076
0,0,0,5549,4426,8610
0,0,0,3166,5038,9308
0,0,0,3015,4163,7705
0,0,0,3421,4269,8378
0,0,0,2776,4429,8901
0,0,0,2267,4263,8614
0,0,0,2865,4428,8825
0,0,0,3177,4205,8495
0,0,0,3006,4205,8877
0,0,0,2967,4416,8736
0,0,0,3802,4133,8503
0,0,0,3803,4305,8921
0,0,0,3089,4257,9093
0,0,0,3128,3999,8666
0,0,0,2733,4154,8967
0,0,0,3186,4443,8563
0,0,0,3071,4126,8765
0,0,0,2888,4530,8786
0,0,0,3289,4196,8456
0,0,0,2740,4272,8865
0,0,0,3136,4344,8618
0,0,0,2884,4048,8645
0,0,0,3032,4551,8680
0,0,0,3208,4168,8532
0,0,0,3277,4130,8899
0,0,0,3317,4445,8761
0,0,0,3074,3333,8805
0,0,0,2899,4513,8746
0,0,0,3332,4303,8453
0,0,0,3069,3981,7561
0,0,0,2815,4299,8910
0,0,0,2771,4410,9414
0,0,0,2965,3946,8285
0,0,0,3008,4472,8657
0,0,0,3158,4649,8468
0,0,0,2843,3553,8836
0,0,0,3130,4144,8576
0,0,0,2815,4303,8865
0,0,0,3217,4327,8632
0,0,0,3606,4167,8984
0,0,0,3251,4241,7961
0,0,0,3189,4218,9265
0,0,0,2760,4304,8911
0,0,0,2873,4363,9188
0,0,0,3216,4259,8683
0,0,0,2858,4274,8830
0,0,0,3035,4496,8080
0,0,0,3208,4232,8442
0,0,0,2984,4148,8782
0,0,0,2900,4565,8776
0,0,0,3136,4168,8619
0,0,0,2883,4365,8898
0,0,0,3226,4333,8532
0,0,0,4068,4172,9012
0,0,0,3129,4357,8821
0,0,0,2954,4229,8983
0,0,0,2896,4578,8871
0,0,0,3189,4144,8556
0,0,0,3512,4392,8970
0,0,0,3105,4518,8760
0,0,0,3137,4762,8659
0,0,0,2912,4506,8860
0,0,0,3225,4292,8504
0,0,0,2921,4148,8746
0,0,0,3138,4563,8628
0,0,0,3056,3994,8730
0,0,0,2936,4500,8646
0,0,0,3175,4891,8728
0,0,0,2806,4602,8736
0,0,0,3261,4320,8658
0,0,0,2860,4525,8773
0,0,0,3250,4278,8421
0,0,0,2758,4326,8912
0,0,0,3108,4394,8562
0,0,0,3123,4073,8671
0,0,0,2832,4641,8848
0,0,0,3226,4179,8492
0,0,0,2997,4196,8983
0,0,0,2911,4503,8942
0,0,0,3295,4179,8634
0,0,0,2977,4272,9024
0,0,0,2996,4463,8641
0,0,0,3260,4253,8565
0,0,0,3028,3995,8714
0,0,0,2787,4365,8898
0,0,0,3032,4467,8728
0,0,0,3295,4409,8660
0,0,0,2978,4112,9051
0,0,0,2886,4372,8878
0,0,0,2977,4459,7960
0,0,0,3368,4320,8424
0,0,0,3119,4057,8693
0,0,0,3879,4315,8864
0,0,0,2921,4512,8714
0,0,0,3017,4518,8658
0,0,0,3338,4280,8440
0,0,0,3180,3094,8586
0,0,0,3506,4189,8940
0,0,0,3062,4549,8697
0,0,0,3088,4423,8593
0,0,0,3119,4491,8701
0,0,0,3327,4194,8522
0,0,0,3084,5380,8755
0,0,0,2977,4126,9016
0,0,0,2736,4443,8929
0,0,0,3004,4615,8748
0,0,0,3138,4167,8634
0,0,0,3066,3538,8738
0,0,0,3211,4233,8497
0,0,0,2828,4615,8850
0,0,0,3013,4382,9144
0,0,0,3136,5011,8663
0,0,0,2695,4296,8955
0,0,0,3169,4400,8645
0,0,0,3056,4070,8782
0,0,0,2810,4262,8902
0,0,0,3205,4404,8619
0,0,0,3258,4209,8579
0,0,0,3096,4094,8729
0,0,0,2900,4121,9053
0,0,0,2885,4437,8876
0,0,0,2981,4510,8757
0,0,0,3276,4340,8486
0,0,0,2979,3947,8773
0,0,0,2866,4341,8856
0,0,0,3029,4437,8776
0,0,0,3192,4215,8600
0,0,0,3118,4318,9024
0,0,0,2942,4548,8819
0,0,0,3267,4376,8470
0,0,0,3304,4183,8598
0,0,0,2955,3946,8886
0,0,0,2806,4237,8901
0,0,0,2928,4580,8776
0,0,0,3375,4222,8450
0,0,0,3144,5276,8583
0,0,0,3027,4123,8957
0,0,0,3067,3479,8688
0,0,0,3208,4185,8459
0,0,0,3035,4125,8768
0,0,0,2889,4376,8908
0,0,0,3069,4577,8809
0,0,0,3264,4302,7968
0,0,0,3068,4076,8784
0,0,0,2927,4132,8981
0,0,0,2855,1396,9357
0,0,0,3088,4465,8665
0,0,0,3192,4326,8535
0,0,0,3210,4727,8679
0,0,0,3049,3948,8857
0,0,0,3019,4270,9002
0,0,0,3064,4462,8704
0,0,0,3351,4412,8397
0,0,0,3018,3570,8816
0,0,0,2969,4595,8839
0,0,0,3268,4275,8658
0,0,0,2999,4230,9032
0,0,0,2793,4693,8885
0,0,0,3298,4288,8463
0,0,0,3014,4276,8998
0,0,0,3095,4347,8689
0,0,0,3106,4005,8788
0,0,0,2826,4666,8843
0,0,0,3240,4294,8500
0,0,0,3053,3334,8806
0,0,0,2892,4617,8892
0,0,0,3231,4197,8565
0,0,0,3227,4260,9109
0,0,0,3072,4574,8779
0,0,0,3386,4321,8625
0,0,0,3988,4304,8929
0,0,0,3088,4465,8929
0,0,0,4566,4186,8585
0,0,0,2885,4168,8802
0,0,0,3106,4264,8759
0,0,0,3012,4040,8916
0,0,0,2841,4129,8918
0,0,0,3050,3802,8728
0,0,0,3200,4956,8704
0,0,0,2597,4435,8968
0,0,0,3281,4303,8142
0,0,0,3019,4192,9005
0,0,0,1922,4576,9097
0,0,0,3111,4228,8672
0,0,0,2769,4280,8899
0,0,0,3460,4346,8458
0,0,0,2853,4315,8889
0,0,0,3305,4376,8632
0,0,0,2720,4417,8948
0,0,0,3242,4216,8613
0,0,0,2999,4181,8785
0,0,0,2914,4634,8812
0,0,0,3374,4333,8474
0,0,0,2464,4129,8847
0,0,0,2908,4691,8790
0,0,0,3314,4637,8577
0,0,0,4265,4374,9125
0,0,0,3325,4360,9553
0,0,0,3018,4186,9111
0,0,0,3052,4528,8799
0,0,0,3045,4032,8584
0,0,0,3227,4401,9194
0,0,0,3029,4272,8838
0,0,0,3022,4584,8799
0,0,0,3074,4904,8705
0,0,0,3092,4596,8925
0,0,0,3291,4394,8667
0,0,0,2946,4087,9042
0,0,0,2920,4565,8771
0,0,0,2945,4272,8705
0,0,0,3634,4317,9020
0,0,0,2500,4485,8667
0,0,0,3093,4130,8820
0,0,0,2964,4622,8803
0,0,0,2982,4102,8901
0,0,0,3089,4528,8738
0,0,0,3081,4232,8827
0,0,0,2894,4650,8703
0,0,0,3252,4296,8493
0,0,0,2872,4328,8897
0,0,0,3237,4388,8589
0,0,0,2922,4191,8212
0,0,0,3147,4459,8636
0,0,0,2864,4272,8943
0,0,0,2843,4392,8717
0,0,0,3008,3767,8830
0,0,0,3153,4454,8719
0,0,0,3001,4220,9216
0,0,0,3284,4404,8548
0,0,0,2976,4129,9140
0,0,0,3044,4514,8664
0,0,0,2986,4347,9086
0,0,0,3139,4522,8667
0,0,0,2935,3700,8878
0,0,0,3191,4265,8668
0,0,0,2809,4352,8952
0,0,0,3327,4346,8481
0,0,0,4009,4328,9160
0,0,0,3094,4483,8616
0,0,0,3122,4018,8798
0,0,0,2795,4487,8958
0,0,0,3272,4385,9041
0,0,0,2956,4188,8856
0,0,0,2768,4396,8916
0,0,0,3160,4272,8568
0,0,0,2815,4394,8972
0,0,0,3244,4373,8594
0,0,0,3008,4128,8093
0,0,0,3178,4626,8793
0,0,0,3246,4612,8684
0,0,0,2820,4377,8983
0,0,0,3347,4274,8488
0,0,0,3487,4274,9013
0,0,0,3062,4417,8731
0,0,0,3058,4016,8788
0,0,0,3097,4837,8842
0,0,0,3125,4086,8834
0,0,0,2937,4540,8457
0,0,0,3035,4006,8789
0,0,0,3260,4477,8632
0,0,0,2920,4255,8785
0,0,0,3012,4494,8954
0,0,0,2915,4281,9095
0,0,0,3308,4380,8731
0,0,0,3152,4326,8856
0,0,0,3074,4584,8743
0,0,0,2957,4093,8889
0,0,0,3010,4512,8728
0,0,0,3123,4029,8811
0,0,0,2720,4635,8935
0,0,0,3172,4228,8080
0,0,0,3039,4214,8852
0,0,0,3018,4589,8869
0,0,0,3423,4276,8325
0,0,0,3711,4317,9020
0,0,0,2933,4565,8801
0,0,0,2368,3993,8740
0,0,0,2929,4698,8754
0,0,0,3128,4086,8851
0,0,0,2811,4384,8831
0,0,0,3381,4447,8475
0,0,0,3011,3946,8912
0,0,0,3063,4469,8653
0,0,0,3210,4339,8655
0,0,0,2738,4351,9010
0,0,0,3338,4216,8573
0,0,0,3017,4270,9163
0,0,0,2992,4495,8908
0,0,0,3238,4997,9522
0,0,0,2950,4644,9021
0,0,0,3173,4550,9386
0,0,0,3080,4241,8843
0,0,0,2852,4729,8922
0,0,0,3278,4343,8584
0,0,0,3421,4276,8983
0,0,0,2610,4462,8538
0,0,0,2945,3713,9101
0,0,0,2895,4593,8895
0,0,0,3225,4483,8669
0,0,0,2802,4124,8987
0,0,0,3402,4388,9433
0,0,0,3162,4304,8581
0,0,0,3106,4073,8943
0,0,0,2797,4480,8995
0,0,0,3255,4371,8490
0,0,0,2998,4332,9069
0,0,0,3044,4616,8786
0,0,0,3045,4032,8768
0,0,0,2951,4657,8575
0,0,0,3152,4346,8660
0,0,0,3687,4254,8985
0,0,0,3094,4410,8752
0,0,0,3176,4389,8685
0,0,0,2913,4089,8839
0,0,0,2914,4692,8956
0,0,0,3362,4388,9479
0,0,0,2847,4293,8989
0,0,0,3074,4480,8764
0,0,0,3051,3986,8800
0,0,0,2893,4471,8917
0,0,0,3336,4384,9120
0,0,0,3152,4262,8843
0,0,0,2824,4486,8973
0,0,0,3312,4269,8539
0,0,0,3015,4305,9040
0,0,0,3027,4616,8798
0,0,0,3309,4385,8541
0,0,0,2933,4330,8870
0,0,0,3024,4530,8814
0,0,0,3194,5064,8721
0,0,0,2736,4460,9055
0,0,0,3120,4492,8691
0,0,0,3220,5204,8904
0,0,0,2743,4342,8793
0,0,0,2950,4447,8721
0,0,0,3217,4340,8752
0,0,0,2896,8052,8424
0,0,0,2848,4616,9078
0,0,0,3008,5200,8819
0,0,0,3099,3750,8740
0,0,0,3321,4793,8618
0,0,0,3006,4108,8968
0,0,0,2902,4559,8939
0,0,0,3089,4428,8780
0,0,0,3360,4576,8640
0,0,0,3170,4228,8046
0,0,0,3044,4199,9588
0,0,0,2837,4497,8853
0,0,0,3159,4636,8678
0,0,0,3208,4185,8845
0,0,0,3084,4146,9034
0,0,0,2888,4708,8925
0,0,0,3343,4382,8492
0,0,0,2888,4232,8967
0,0,0,3244,4562,8815
0,0,0,2700,4307,8697
0,0,0,2940,4220,9138
0,0,0,3181,4585,8702
0,0,0,3266,4874,8762
0,0,0,2755,4344,8968
0,0,0,2973,4612,8854
0,0,0,3102,4245,8671
0,0,0,2904,4080,8856
0,0,0,3684,4254,9019
0,0,0,3428,4479,8908
0,0,0,3035,4288,8944
0,0,0,2918,4688,8940
0,0,0,3317,4414,8477
0,0,0,3295,4364,9111
0,0,0,2933,4559,8768
0,0,0,3360,4446,8512
0,0,0,3115,3821,8824
0,0,0,2808,4333,9018
0,0,0,3056,4305,8792
0,0,0,4150,4286,8586
0,0,0,3153,4228,8583
0,0,0,3068,4150,6928
0,0,0,2759,4364,7925
0,0,0,3174,4472,8820
0,0,0,2966,5097,8782
0,0,0,2806,4367,9001
0,0,0,3118,4473,8519
0,0,0,3085,4909,8722
0,0,0,3038,4584,8789
0,0,0,3157,4303,8724
0,0,0,2719,4302,8988
0,0,0,2485,4607,8825
0,0,0,3185,4776,8702
0,0,0,2890,4376,8861
0,0,0,3306,4338,9199
0,0,0,3018,4255,8882
0,0,0,3006,4765,8971
0,0,0,2716,4323,9061
0,0,0,3160,4112,9061
0,0,0,2800,4190,9016
0,0,0,2381,4482,9019
0,0,0,3332,4370,8702
0,0,0,3098,4137,8833
0,0,0,3243,4293,9119
0,0,0,2917,4686,8847
0,0,0,1940,4209,8642
0,0,0,3165,4069,8819
0,0,0,3055,4212,9164
0,0,0,2906,4408,8903
0,0,0,3143,4212,8746
0,0,0,3014,4129,8777
0,0,0,3052,4564,8753
0,0,0,3176,5080,8771
0,0,0,2823,3666,9024
0,0,0,3373,4329,8561
0,0,0,2445,4201,9197
0,0,0,3137,4360,8820
0,0,0,3010,4480,8757
0,0,0,2696,4394,9040
0,0,0,3305,4398,8584
0,0,0,3011,4169,9068
0,0,0,3112,4631,8738
0,0,0,3207,4272,8702
0,0,0,3067,4381,9054
0,0,0,3062,4536,8848
0,0,0,3205,4465,8970
0,0,0,2981,4243,8920
0,0,0,3194,4325,8748
0,0,0,2943,4605,8828
0,0,0,3284,4344,8658
0,0,0,3000,4136,8961
0,0,0,3288,4353,8021
0,0,0,3021,4316,9053
0,0,0,3142,4517,8888
0,0,0,3189,4035,8776
0,0,0,2899,4311,8706
0,0,0,3334,4465,8936
0,0,0,3166,4011,8856
0,0,0,2942,4681,8958
0,0,0,3273,4368,9185
0,0,0,3122,3967,9122
0,0,0,2652,4317,7259
0,0,0,3106,4527,8726
0,0,0,3357,3885,8669
0,0,0,2852,4560,8967
0,0,0,3169,4321,8576
0,0,0,3026,4280,8968
0,0,0,2941,4565,8892
0,0,0,3352,4448,8555
0,0,0,2778,4446,9061
0,0,0,3352,4404,8487
0,0,0,3048,4205,8827
0,0,0,3108,4560,9696
0,0,0,3078,4839,8770
0,0,0,2924,4462,8914
0,0,0,2821,4346,8699
0,0,0,2988,4137,8958
0,0,0,3098,4550,8817
0,0,0,3034,4321,8704
0,0,0,2804,4389,9024
0,0,0,3173,4467,8848
0,0,0,3128,5189,8856
0,0,0,2775,4267,8937
0,0,0,3359,4506,9676
0,0,0,1819,4420,9154
0,0,0,3139,4549,8830
0,0,0,3177,4064,8733
0,0,0,3033,4720,8923
0,0,0,3146,4174,8840
0,0,0,2912,4742,8927
0,0,0,3321,4383,8654
0,0,0,2956,4737,8894
0,0,0,3225,4519,8754
0,0,0,2996,4394,9017
0,0,0,3362,4509,8544
0,0,0,2264,4530,9007
0,0,0,3309,4438,8003
0,0,0,2926,4288,9063
0,0,0,3160,4652,8712
0,0,0,3178,3501,8831
0,0,0,2880,4685,8858
0,0,0,3418,4481,8476
0,0,0,3130,5010,8834
0,0,0,2867,4426,8980
0,0,0,3166,4239,8786
0,0,0,3133,4065,8770
0,0,0,2875,4564,8955
0,0,0,2802,4469,9774
0,0,0,3176,4170,8884
0,0,0,3137,4369,9206
0,0,0,3055,4534,8760
0,0,0,3151,4070,8788
0,0,0,2861,4709,8904
0,0,0,3189,4288,8810
0,0,0,3048,3990,9412
0,0,0,3152,4389,8710
0,0,0,4054,4314,9121
0,0,0,3284,4402,7814
0,0,0,3076,4208,8872
0,0,0,2733,4364,8991
0,0,0,3168,4586,8718
0,0,0,3020,4280,8668
0,0,0,3285,4472,8661
0,0,0,2938,4299,9128
0,0,0,2970,4626,8833
0,0,0,3262,4463,8728
0,0,0,3320,4344,9114
0,0,0,3268,4537,8687
0,0,0,2824,4317,8836
0,0,0,3097,4198,9100
0,0,0,3000,4640,8850
0,0,0,3149,4888,8722
0,0,0,4015,4303,9449
0,0,0,3326,4412,8867
0,0,0,3073,4157,9101
0,0,0,2896,4648,8987
0,0,0,3501,4513,8708
0,0,0,3209,4340,9519
0,0,0,2848,3847,8964
0,0,0,3328,4400,8517
0,0,0,2857,4561,8957
0,0,0,3309,4468,8636
0,0,0,3353,4120,8838
0,0,0,2824,4544,9033
0,0,0,3250,4484,8710
0,0,0,3058,4200,8841
0,0,0,3184,4345,9142
0,0,0,3023,4723,9055
0,0,0,3258,4362,8662
0,0,0,2979,4235,8900
0,0,0,1862,4663,8904
0,0,0,3119,4071,8790
0,0,0,3178,4162,8917
0,0,0,2586,4729,9004
0,0,0,3512,4518,8643
0,0,0,3328,4382,8690
0,0,0,2963,4161,9218
0,0,0,3108,4558,8832
0,0,0,3288,4330,8652
0,0,0,3066,4167,9090
0,0,0,2738,4489,9096
0,0,0,3113,4648,8794
0,0,0,3331,4389,8588
0,0,0,2973,4204,8790
0,0,0,2925,4728,8898
0,0,0,3345,3272,9586
0,0,0,3258,5299,8717
0,0,0,3851,4409,9192
0,0,0,3052,4552,8760
0,0,0,5531,3207,9592
0,0,0,3318,4298,8680
0,0,0,2502,4426,9088
0,0,0,3891,4513,8888
0,0,0,3432,3771,8692
0,0,0,2869,4492,9099
0,0,0,3187,4500,8680
0,0,0,3202,4417,8692
0,0,0,2820,4421,8944
0,0,0,3158,4573,9035
0,0,0,3311,4384,9140
0,0,0,2995,4586,8826
0,0,0,3348,4548,8584
0,0,0,2918,4077,9223
0,0,0,3129,4599,9447
0,0,0,3083,4279,8850
0,0,0,2792,4406,9039
0,0,0,3212,4437,9495
0,0,0,2537,4193,8928
0,0,0,2773,4402,8801
0,0,0,3219,4172,8800
0,0,0,2974,4242,8939
0,0,0,2892,4423,9078
0,0,0,3397,4508,8645
0,0,0,3137,4291,8648
0,0,0,2817,4362,9200
0,0,0,2954,4683,8848
0,0,0,3358,4416,8541
0,0,0,2852,4513,9002
0,0,0,2936,4474,9217
0,0,0,3109,4802,9394
0,0,0,2913,4731,8948
0,0,0,3356,4300,7714
0,0,0,2912,4419,9001
0,0,0,3451,4469,8618
0,0,0,2757,4446,9083
0,0,0,3104,4552,8696
0,0,0,3100,4534,9722
0,0,0,3106,4056,8846
0,0,0,3268,4385,9140
0,0,0,3124,4481,9052
0,0,0,3236,4176,8781
0,0,0,2976,4277,9388
0,0,0,3295,4454,8721
0,0,0,3194,4126,8482
0,0,0,2847,4156,9044
0,0,0,3108,4262,8555
0,0,0,3105,4567,8771
0,0,0,3240,4360,8735
0,0,0,2991,4189,9160
0,0,0,3197,4559,8817
0,0,0,2304,4285,9087
0,0,0,2903,4583,8985
0,0,0,3281,4276,8724
0,0,0,2954,4381,9284
0,0,0,3119,4495,8896
0,0,0,3187,4088,8888
0,0,0,3128,4658,8904
0,0,0,2718,4238,8998
0,0,0,3069,4586,8836
0,0,0,3136,5005,8764
0,0,0,2931,4609,9037
0,0,0,3301,4464,8677
0,0,0,3016,4220,9145
0,0,0,2915,4701,8944
0,0,0,3209,4305,8635
0,0,0,3012,4274,8993
0,0,0,2845,4676,8854
0,0,0,3315,4470,8544
0,0,0,3200,4088,7733
0,0,0,2913,4448,8987
0,0,0,3017,4321,8853
0,0,0,3321,4251,8730
0,0,0,3030,3078,9052
0,0,0,3121,4488,8001
0,0,0,3215,4688,8784
0,0,0,2728,4380,9087
0,0,0,3159,4680,8742
0,0,0,3216,4412,8737
0,0,0,3003,4333,9162
0,0,0,3440,4436,9463
0,0,0,3010,4240,8951
0,0,0,2963,4648,8851
0,0,0,3372,4576,8519
0,0,0,3024,4137,8982
0,0,0,3023,4645,8842
0,0,0,2157,4471,8851
0,0,0,2955,4253,8997
0,0,0,3067,4645,8920
0,0,0,4314,4170,8782
0,0,0,2880,4748,9061
0,0,0,3274,4384,8737
0,0,0,2864,4454,9000
0,0,0,3345,4474,8626
0,0,0,2961,4173,8926
0,0,0,3104,4632,8848
0,0,0,2570,4455,8811
0,0,0,3736,4296,7830
0,0,0,3011,4486,9485
0,0,0,3138,3966,8843
0,0,0,2784,4332,9082
0,0,0,3116,4681,8916
0,0,0,3283,4273,8692
0,0,0,3070,4297,9232
0,0,0,2864,4685,8993
0,0,0,3429,4534,9601
0,0,0,3083,3928,8836
0,0,0,3284,4274,9089
0,0,0,2895,4754,9000
0,0,0,3362,4386,8493
0,0,0,2998,4232,8904
0,0,0,2936,4472,9000
0,0,0,3095,4687,8788
0,0,0,3365,4363,8623
0,0,0,2874,4350,9232
0,0,0,2891,4658,8900
0,0,0,3195,4593,9096
0,0,0,3268,4386,8579
0,0,0,2696,4204,8951
0,0,0,2862,4469,8958
0,0,0,3225,4601,8744
0,0,0,3261,4298,8099
0,0,0,3199,4520,9012
0,0,0,2971,4388,8567
0,0,0,3012,4776,8878
0,0,0,3290,4338,8724
0,0,0,3064,4273,9176
0,0,0,2967,4681,8797
0,0,0,3208,4306,8627
0,0,0,3123,4129,9033
0,0,0,3061,4176,8989
0,0,0,3236,4347,9155
0,0,0,3048,4640,8864
0,0,0,3011,4453,8757
0,0,0,3023,4118,8774
0,0,0,2954,4636,8952
0,0,0,3405,4508,8614
0,0,0,3296,4272,8723
0,0,0,3092,4684,8775
0,0,0,3220,4149,8802
0,0,0,3184,4215,9124
0,0,0,2662,4676,8981
0,0,0,3229,4331,8784
0,0,0,3427,4296,9092
0,0,0,3161,4611,8850
0,0,0,3109,4196,8825
0,0,0,2978,5655,8920
0,0,0,3168,4528,8709
0,0,0,3334,4424,8694
0,0,0,3046,4152,8900
0,0,0,382,4328,9211
0,0,0,2904,3454,8983
0,0,0,2896,4549,7159
0,0,0,3110,4535,9168
0,0,0,3722,4303,8713
0,0,0,2995,3821,9196
0,0,0,3077,4571,8768
0,0,0,2474,4425,8910
0,0,0,2885,4346,9125
0,0,0,2752,4756,8761
0,0,0,3196,4335,8746
0,0,0,3148,4272,8885
0,0,0,2880,4471,9045
0,0,0,3433,4479,9094
0,0,0,3115,4129,8814
0,0,0,2848,4661,8933
0,0,0,3319,4322,8708
0,0,0,2841,4503,9115
0,0,0,3320,4345,8439
0,0,0,3225,5622,8897
0,0,0,2869,4331,9085
0,0,0,3402,4474,8992
0,0,0,1993,4388,8731
0,0,0,3132,4144,8933
0,0,0,2909,3888,9110
0,0,0,3438,4469,9648
0,0,0,3120,4438,8824
0,0,0,3018,4293,9104
0,0,0,2956,4710,8938
0,0,0,3332,4455,8634
0,0,0,3201,4881,8823
0,0,0,3222,4508,9169
0,0,0,0,4691,8946
0,0,0,3346,4565,8580
0,0,0,3083,4100,8816
0,0,0,2947,4744,8896
0,0,0,3252,4391,8776
0,0,0,3362,4326,9063
0,0,0,3212,3528,8730
0,0,0,3498,4326,8734
0,0,0,3220,4508,8732
0,0,0,3134,4201,8854
0,0,0,2908,4708,8978
0,0,0,3335,4362,8820
0,0,0,2120,4337,9231
0,0,0,3004,4602,8593
0,0,0,3384,4476,8382
0,0,0,2984,4181,9016
0,0,0,2925,4525,8984
0,0,0,3081,5511,8952
0,0,0,3142,4302,9154
0,0,0,3098,4723,8815
0,0,0,3282,4300,8640
0,0,0,3776,4539,9085
0,0,0,2902,3880,9065
0,0,0,3467,4440,8504
0,0,0,3137,4154,9104
0,0,0,2789,4334,9105
0,0,0,3136,4769,8798
0,0,0,3262,4388,8835
0,0,0,2644,4456,8997
0,0,0,2024,4536,8784
0,0,0,3168,4896,8751
0,0,0,2873,4468,8982
0,0,0,3088,4488,8893
0,0,0,3296,4295,8853
0,0,0,3018,4246,9261
0,0,0,2978,4672,8921
0,0,0,3144,4176,8799
0,0,0,2822,4460,9100
0,0,0,2731,4534,8836
0,0,0,3103,4240,8928
0,0,0,2943,4269,8932
0,0,0,2994,4547,9498
0,0,0,3136,4494,8614
0,0,0,3196,4116,8835
0,0,0,2848,3364,9059
0,0,0,3576,4476,8630
0,0,0,1765,4144,8956
0,0,0,2909,4677,8982
0,0,0,3418,4394,8599
0,0,0,2976,3178,9011
0,0,0,2904,3880,8914
0,0,0,3213,4461,8601
0,0,0,3014,4214,9063
0,0,0,3556,4436,9071
0,0,0,2948,4630,8960
0,0,0,3418,4460,8654
0,0,0,3061,4149,7939
0,0,0,2944,4683,8910
0,0,0,3031,4012,8906
0,0,0,3270,4304,8732
0,0,0,2945,4308,9145
0,0,0,2768,4641,8883
0,0,0,3269,4610,8759
0,0,0,3092,4132,8996
0,0,0,3008,4657,8903
0,0,0,3337,4398,8669
0,0,0,2952,4337,9180
0,0,0,3192,4554,8868
0,0,0,2866,4221,9024
0,0,0,2775,4407,8945
0,0,0,3076,4823,8854
0,0,0,3260,4340,8648
0,0,0,3001,4714,8789
0,0,0,3233,4852,8832
0,0,0,2604,4673,8942
0,0,0,3268,4555,8737
0,0,0,3013,4250,8924
0,0,0,2974,4802,8932
0,0,0,3047,2148,8796
0,0,0,3220,4962,8840
0,0,0,2763,4491,9059
0,0,0,3586,4393,8591
0,0,0,3008,4258,9043
0,0,0,2949,4619,8936
0,0,0,3176,4585,9766
0,0,0,3232,4340,8669
0,0,0,3050,5106,8866
0,0,0,2864,4360,9060
0,0,0,2898,4551,9053
0,0,0,3127,4765,9013
0,0,0,2932,4680,8375
0,0,0,3320,4420,8741
0,0,0,3120,4100,8780
0,0,0,3706,4386,9176
0,0,0,3048,4452,9098
0,0,0,3157,4281,8962
0,0,0,2768,4389,9218
0,0,0,3204,4293,8187
0,0,0,2952,4638,9069
0,0,0,3413,4505,7699
0,0,0,3044,4220,8982
0,0,0,2874,4537,9096
0,0,0,3033,4574,8830
0,0,0,3083,4174,8909
0,0,0,2772,4562,9158
0,0,0,3179,4560,8758
0,0,0,3298,5184,8812
0,0,0,3008,4246,8930
0,0,0,2602,4604,9076
0,0,0,3068,4792,8905
0,0,0,3144,4564,8845
0,0,0,3387,4424,8721
0,0,0,3079,4128,8868
0,0,0,2712,4514,9229
0,0,0,3073,4624,8852
0,0,0,3244,4472,8694
0,0,0,3235,4604,8788
0,0,0,3368,4309,8676
0,0,0,2981,4304,9025
0,0,0,2842,4481,8984
0,0,0,2948,4718,8860
0,0,0,3409,4403,8629
0,0,0,3159,4161,8824
0,0,0,4024,4380,9053
0,0,0,2997,4695,8943
0,0,0,2861,4461,8566
0,0,0,3159,4600,8897
0,0,0,2877,4477,9101
0,0,0,3102,4624,8853
0,0,0,3104,3952,8816
0,0,0,3753,4460,9112
0,0,0,2800,4403,8465
0,0,0,3446,4572,9649
0,0,0,3193,4355,8771
0,0,0,3583,4376,9170
0,0,0,3864,4331,9096
0,0,0,3572,4452,8584
0,0,0,3042,4290,8747
0,0,0,2886,4630,8950
0,0,0,3021,4732,8914
0,0,0,3409,4466,8564
0,0,0,3222,4639,8836
0,0,0,2977,4421,9070
0,0,0,2873,4788,9128
0,0,0,3394,4374,8625
0,0,0,2995,3627,9003
0,0,0,4087,4332,9114
0,0,0,2882,4620,8943
0,0,0,3416,4530,8568
0,0,0,3131,3990,8864
0,0,0,2862,4368,9063
0,0,0,3083,4626,8841
0,0,0,3565,4300,8699
0,0,0,3147,4223,8905
0,0,0,3039,4261,9135
0,0,0,2824,3844,8979
0,0,0,3147,4732,8874
0,0,0,3328,4454,8046
0,0,0,3194,4197,8896
0,0,0,2812,4517,9080
0,0,0,3120,4677,8779
0,0,0,3327,4392,8421
0,0,0,3118,4207,8888
0,0,0,2797,4456,9073
0,0,0,3165,4780,8413
0,0,0,3292,4418,9415
0,0,0,3309,4504,8789
0,0,0,3012,4211,8963
0,0,0,2904,4566,9128
0,0,0,2900,4707,8595
0,0,0,3202,4664,8749
0,0,0,3208,4279,8778
0,0,0,3090,4299,9029
0,0,0,2897,4630,8593
0,0,0,3280,4627,9144
0,0,0,3326,4416,8603
0,0,0,2894,4657,8896
0,0,0,3181,4240,8916
0,0,0,2840,4429,9076
0,0,0,3103,4718,8850
0,0,0,3092,4651,8788
0,0,0,3460,4551,9413
0,0,0,3226,4402,7711
0,0,0,3172,4221,9224
0,0,0,3205,4354,9093
0,0,0,2909,4772,9123
0,0,0,3067,4639,8865
0,0,0,3243,4385,8798
0,0,0,3110,4142,8932
0,0,0,3020,4746,8990
0,0,0,3122,4596,8867
0,0,0,3355,4359,8640
0,0,0,3195,4529,8827
0,0,0,3056,4416,9193
0,0,0,3041,4646,8870
0,0,0,3281,4497,8664
0,0,0,3104,4188,8788
0,0,0,2857,4472,9312
0,0,0,2807,4541,8973
0,0,0,2728,4392,9133
0,0,0,3174,4712,8866
0,0,0,3499,4472,8551
0,0,0,3162,4169,8937
0,0,0,3540,4234,8981
0,0,0,2782,4658,9085
0,0,0,3121,4628,8785
0,0,0,3152,4618,8903
0,0,0,3318,4333,8703
0,0,0,3064,4177,9128
0,0,0,3049,4397,9079
0,0,0,2905,4676,9024
0,0,0,3141,4614,8790
0,0,0,3146,3827,8868
0,0,0,3210,4324,9132
0,0,0,2886,4521,9089
0,0,0,3443,4465,9431
0,0,0,3118,4146,8949
0,0,0,3043,4212,9074
0,0,0,2756,4444,9152
0,0,0,3018,4787,8934
0,0,0,3028,4739,8813
0,0,0,3294,4344,8725
0,0,0,2990,4292,9244
0,0,0,3128,4626,8721
0,0,0,3106,4406,8795
0,0,0,3046,4183,8931
0,0,0,2978,4763,8971
0,0,0,3130,4528,8865
0,0,0,3331,4644,8638
0,0,0,3168,4085,8885
0,0,0,4212,4396,9067
0,0,0,2916,4650,9019
0,0,0,3432,4652,8758
0,0,0,3223,4120,8846
0,0,0,3044,4397,9140
0,0,0,2853,5091,9129
0,0,0,3148,4569,8723
0,0,0,3269,4398,8746
0,0,0,2976,4240,9181
0,0,0,2899,4795,9213
0,0,0,3017,4622,8887
0,0,0,3026,4648,8864
0,0,0,3396,4130,10041
0,0,0,3120,4720,8905
0,0,0,3090,4271,9181
0,0,0,3776,4314,9209
0,0,0,2997,4769,8974
0,0,0,3340,4439,8666
0,0,0,3180,4218,8918
0,0,0,3216,4381,9162
0,0,0,3131,4597,8778
0,0,0,3058,4405,8781
0,0,0,3099,4161,7763
0,0,0,2799,4431,9161
0,0,0,3036,4614,8968
0,0,0,3379,4393,8747
0,0,0,3049,4221,8465
0,0,0,3408,4430,9073
0,0,0,2999,4649,7755
0,0,0,3420,4461,8640
0,0,0,3131,4052,8863
0,0,0,2939,4590,9005
0,0,0,3152,4528,8848
0,0,0,3400,4458,8612
0,0,0,3229,4361,8683
0,0,0,3136,4183,8919
0,0,0,3138,4132,8883
0,0,0,2765,4678,8811
0,0,0,3108,4341,8952
0,0,0,3071,4284,8964
0,0,0,2899,4700,8973
0,0,0,3246,4986,8840
0,0,0,2930,4392,9239
0,0,0,3078,4491,8628
0,0,0,3110,4220,8933
0,0,0,2996,4756,8922
0,0,0,3400,4415,8495
0,0,0,3106,4191,9054
0,0,0,2887,4524,8855
0,0,0,3418,4672,8799
0,0,0,3209,4290,8852
0,0,0,3146,4228,8912
0,0,0,3872,4424,9157
0,0,0,3086,4862,8912
0,0,0,3341,4544,8740
0,0,0,3182,4213,8860
0,0,0,2940,4609,8952
0,0,0,3431,4822,9206
0,0,0,2958,4371,9326
0,0,0,3044,4593,8872
0,0,0,3341,4443,8701
0,0,0,3167,4417,9223
0,0,0,3414,4487,9588
0,0,0,3120,4056,8934
0,0,0,2839,4453,9059
0,0,0,2928,4579,9454
0,0,0,2972,4251,9034
0,0,0,2949,4685,8878
0,0,0,3256,4398,8741
0,0,0,2697,4316,9230
0,0,0,3206,4589,8872
0,0,0,3384,4350,8760
0,0,0,3008,4385,8825
0,0,0,3552,4445,8570
0,0,0,3105,4277,8925
0,0,0,2917,4466,8983
0,0,0,3213,4311,8737
0,0,0,2897,4396,9016
0,0,0,2037,4588,9299
0,0,0,3149,4330,8782
0,0,0,3140,4365,8948
0,0,0,2867,4510,9040
0,0,0,3159,4688,8795
0,0,0,3271,4311,8776
0,0,0,3521,4534,8795
0,0,0,2779,4472,9147
0,0,0,3094,4734,8882
0,0,0,3327,4477,9100
0,0,0,3592,4416,8752
0,0,0,3171,4293,9074
0,0,0,3014,4718,8964
0,0,0,3274,4570,9376
0,0,0,3223,5087,8696
0,0,0,2548,4424,9195
0,0,0,3026,4597,8821
0,0,0,3233,3969,8876
0,0,0,3969,4381,9120
0,0,0,3423,4618,9453
0,0,0,3121,4261,8934
0,0,0,3705,4349,9069
0,0,0,2868,4710,9028
0,0,0,3277,4351,8710
0,0,0,3472,4418,9566
0,0,0,3043,4600,9026
0,0,0,3396,4512,8650
0,0,0,3032,4182,8663
0,0,0,3070,4771,8900
0,0,0,3228,3870,8775
0,0,0,3154,4133,8618
0,0,0,2702,4493,9170
0,0,0,3281,4600,8842
0,0,0,3292,4376,8705
0,0,0,2981,4073,9068
0,0,0,2883,4521,9036
0,0,0,3057,4531,8861
0,0,0,3237,4498,8756
0,0,0,2992,4298,9203
0,0,0,3171,4633,8808
0,0,0,3282,4463,8761
0,0,0,3041,4356,8491
0,0,0,3188,4708,9077
0,0,0,3354,4427,9416
0,0,0,3196,4321,8997
0,0,0,2837,4580,9119
0,0,0,3080,4532,8816
0,0,0,3311,4441,8669
0,0,0,3060,4167,8919
0,0,0,4121,4475,9108
0,0,0,3013,4646,9035
0,0,0,3438,4513,8629
0,0,0,3244,4268,8717
0,0,0,4955,4316,8648
0,0,0,3186,4456,9106
0,0,0,2259,4796,9019
0,0,0,3215,4526,8786
0,0,0,3305,4528,8676
0,0,0,3328,5236,8728
0,0,0,2756,4489,9287
0,0,0,3137,4518,8397
0,0,0,3307,4549,8551
0,0,0,3008,4192,8937
0,0,0,3021,4445,9082
0,0,0,3011,4609,8937
0,0,0,3396,4320,8784
0,0,0,2845,4585,9087
0,0,0,3138,4570,8773
0,0,0,3164,4138,8905
0,0,0,2665,4574,8831
0,0,0,3024,3098,9051
0,0,0,2825,4646,8878
0,0,0,3157,4571,8880
0,0,0,2775,4432,9128
0,0,0,3431,4526,9507
0,0,0,1877,4242,8996
0,0,0,3348,4445,8989
0,0,0,3197,4756,8759
0,0,0,3255,3845,8844
0,0,0,3043,4293,9115
0,0,0,2364,4846,9032
0,0,0,3224,4525,8978
0,0,0,3405,4464,8797
0,0,0,3164,4547,8804
0,0,0,3037,4317,8952
0,0,0,2913,4663,8873
0,0,0,2868,4416,9129
0,0,0,3236,4526,8786
0,0,0,3215,4154,8899
0,0,0,3046,4288,9107
0,0,0,2815,4678,9110
0,0,0,3220,4616,8793
0,0,0,3260,4536,8653
0,0,0,3180,4368,8773
0,0,0,3027,4297,8896
0,0,0,3053,4463,9120
0,0,0,3106,4653,8893
0,0,0,3193,4358,7740
0,0,0,2904,4471,8949
0,0,0,3038,3810,8896
0,0,0,2998,4228,8922
0,0,0,3112,4768,8920
0,0,0,3152,4465,8816
0,0,0,2849,4496,9055
0,0,0,3319,4543,8466
0,0,0,3161,4352,8912
0,0,0,2992,4611,8733
0,0,0,3378,4517,8701
0,0,0,3338,4446,9201
0,0,0,3193,4521,8768
0,0,0,3233,4248,8863
0,0,0,2877,3599,9074
0,0,0,3408,4466,8541
0,0,0,3054,4205,9047
0,0,0,3016,4661,8866
0,0,0,3229,4213,8862
0,0,0,3072,4708,9053
0,0,0,3670,4301,8747
0,0,0,3112,4346,9074
0,0,0,3042,4800,8936
0,0,0,3250,4360,8692
0,0,0,3290,4448,9061
0,0,0,3286,4515,8649
0,0,0,3002,4268,9140
0,0,0,3091,4756,8896
0,0,0,3257,4349,8740
0,0,0,3024,4213,8954
0,0,0,3196,4624,8751
0,0,0,3061,4184,9012
0,0,0,3106,4585,8772
0,0,0,3356,4432,8690
0,0,0,3035,3734,9115
0,0,0,2877,4464,8736
0,0,0,3370,4446,8693
0,0,0,2731,4485,9206
0,0,0,3101,4481,8956
0,0,0,3192,4102,8946
0,0,0,3236,4363,9177
0,0,0,3078,4659,8874
0,0,0,3000,4436,8936
0,0,0,3103,4313,9137
0,0,0,3077,4718,8943
0,0,0,3315,4471,8356
0,0,0,2851,4458,8777
0,0,0,3149,5220,8822
0,0,0,3063,4292,8981
0,0,0,2854,4462,9026
0,0,0,2991,4663,8930
0,0,0,3378,4456,8570
0,0,0,3246,4636,8985
0,0,0,3264,4500,8642
0,0,0,2717,4634,9054
0,0,0,3121,4470,8978
0,0,0,3328,4380,8756
0,0,0,3171,4197,7789
0,0,0,3499,4389,9436
0,0,0,2833,4493,9021
0,0,0,2883,4496,9096
0,0,0,2988,4785,8619
0,0,0,3065,4600,8788
0,0,0,3390,4508,8567
0,0,0,3221,4357,8886
0,0,0,2836,4498,9221
0,0,0,2916,4448,9648
0,0,0,3098,4584,8876
0,0,0,3324,4421,8624
0,0,0,2120,4385,9128
0,0,0,3024,4656,8965
0,0,0,3457,4483,8992
0,0,0,3036,4311,8586
0,0,0,3127,4516,8890
0,0,0,3177,5239,8846
0,0,0,2880,4482,9270
0,0,0,3314,4271,8788
0,0,0,2824,4328,9109
0,0,0,2921,3982,8991
0,0,0,3382,4488,8589
0,0,0,3043,4437,9141
0,0,0,2904,4496,9093
0,0,0,3413,4384,8588
0,0,0,3051,4315,9024
0,0,0,3036,4575,8799
0,0,0,3264,4523,8785
0,0,0,2830,4558,9144
0,0,0,3324,4425,8593
0,0,0,3096,4113,9142
0,0,0,2919,3686,9193
0,0,0,3253,4307,8839
0,0,0,2952,4629,9133
0,0,0,3317,4484,8752
0,0,0,3010,4304,9184
0,0,0,3090,4716,8843
0,0,0,3276,4426,8760
0,0,0,3068,4194,8998
0,0,0,2763,3846,9133
0,0,0,3152,4615,8824
0,0,0,3141,4257,8944
0,0,0,3030,4672,8241
0,0,0,3465,4489,8658
0,0,0,2984,4227,8800
0,0,0,3077,4674,8908
0,0,0,3253,3928,8741
0,0,0,3117,4287,9184
0,0,0,2549,4708,8964
0,0,0,3334,4335,8521
0,0,0,2847,4462,9081
0,0,0,2872,3950,8926
0,0,0,3410,4527,8624
0,0,0,3171,3447,8775
0,0,0,3035,4281,9164
0,0,0,2759,4525,9065
0,0,0,3481,4466,8615
0,0,0,3064,4358,9296
0,0,0,2927,4729,9028
0,0,0,2881,4441,9045
0,0,0,3319,4350,8407
0,0,0,3082,4243,8958
0,0,0,2926,4438,9042
0,0,0,3484,4500,8636
0,0,0,2948,4153,9012
0,0,0,2974,4263,9179
0,0,0,2936,4738,8980
0,0,0,3206,4305,8846
0,0,0,3052,4368,9121
0,0,0,3116,3648,8954
0,0,0,3333,4374,8686
0,0,0,3064,4400,9200
0,0,0,2968,4700,8980
0,0,0,3423,4535,8575
0,0,0,3154,4278,8938
0,0,0,3081,4359,9152
0,0,0,2788,4421,9225
0,0,0,3029,4793,9027
0,0,0,3338,4038,9426
0,0,0,3302,4346,8765
0,0,0,3065,4123,9016
0,0,0,3083,4480,9032
0,0,0,3099,4632,8844
0,0,0,3172,4377,8603
0,0,0,2913,4251,8928
0,0,0,3174,4176,8989
0,0,0,2901,4252,8987
0,0,0,3384,4484,8596
0,0,0,3086,4308,8843
0,0,0,3072,4532,8965
0,0,0,3192,4889,8841
0,0,0,2970,4790,8928
0,0,0,3253,3525,8736
0,0,0,2752,4392,9107
0,0,0,3024,4752,8849
0,0,0,3260,4422,8672
0,0,0,3125,4227,9274
0,0,0,2893,4821,9092
0,0,0,3456,4550,8715
0,0,0,3290,4106,8710
0,0,0,3070,4229,8942
0,0,0,2756,4522,9141
0,0,0,3039,4682,8884
0,0,0,3019,4365,8823
0,0,0,3280,4279,9137
0,0,0,2904,4784,9015
0,0,0,3321,4422,8495
0,0,0,3227,4230,8932
0,0,0,2933,4297,9850
0,0,0,3098,4562,8917
0,0,0,3149,4416,8793
0,0,0,2841,4487,9091
0,0,0,3274,4343,8670
0,0,0,2852,4217,9010
0,0,0,3101,4649,8822
0,0,0,3176,5032,8105
0,0,0,2921,4481,9038
0,0,0,3404,4481,8652
0,0,0,3052,4333,9175
0,0,0,3059,4613,8781
0,0,0,3283,4157,8875
0,0,0,2822,4596,9216
0,0,0,3289,4477,8644
0,0,0,3181,4416,8945
0,0,0,2658,4704,9066
0,0,0,3199,4344,8747
0,0,0,3109,4397,9424
0,0,0,3053,4619,8638
0,0,0,3246,4818,8782
0,0,0,2978,3856,9097
0,0,0,3021,4466,9030
0,0,0,3163,4540,8678
0,0,0,3322,5229,8858
0,0,0,2954,4333,9225
0,0,0,2937,4681,8928
0,0,0,3312,4488,8741
0,0,0,3232,4390,8751
0,0,0,3036,4312,8971
0,0,0,2986,4412,9064
0,0,0,2907,4638,8703
0,0,0,3096,4160,8863
0,0,0,2926,3749,9271
0,0,0,3168,4504,8927
0,0,0,3180,4217,8943
0,0,0,2921,4308,9211
0,0,0,3011,4644,8950
0,0,0,2945,4618,9062
0,0,0,3120,4154,8869
0,0,0,3100,4661,8831
0,0,0,3249,4376,8852
0,0,0,2797,4290,8139
0,0,0,3278,4564,8722
0,0,0,3198,4238,9007
0,0,0,2890,4476,9058
0,0,0,4135,4326,8652
0,0,0,2967,4274,9283
0,0,0,2898,4696,9012
0,0,0,2187,4555,8664
0,0,0,2999,4245,8370
0,0,0,3081,4752,8982
0,0,0,3226,4565,8888
0,0,0,2815,4579,9055
0,0,0,3420,4513,8598
0,0,0,3016,4359,9220
0,0,0,3173,4558,8856
0,0,0,3075,4277,9134
0,0,0,3086,4792,9393
0,0,0,3089,3550,8986
0,0,0,3131,4582,8527
0,0,0,3300,4549,8829
0,0,0,3138,4796,8828
0,0,0,3219,4476,8839
0,0,0,2845,4536,9059
0,0,0,3021,4400,8609
0,0,0,3074,4234,8896
0,0,0,2820,4477,8977
0,0,0,3214,4595,9000
0,0,0,2981,4157,9062
0,0,0,3050,4628,8904
0,0,0,3331,4536,8770
0,0,0,3161,4684,8833
0,0,0,3147,4464,9084
0,0,0,3344,4699,8662
0,0,0,2963,4338,9107
0,0,0,3358,5019,8654
0,0,0,3033,4440,9157
0,0,0,3106,4611,8896
0,0,0,3360,4340,8673
0,0,0,3107,4702,8900
0,0,0,2824,4213,8981
0,0,0,3048,4584,8841
0,0,0,3290,4315,8742
0,0,0,2984,4537,8964
0,0,0,3273,4440,8721
0,0,0,2821,4492,8997
0,0,0,3409,4554,9156
0,0,0,2274,4304,9081
0,0,0,2942,4741,8036
0,0,0,3392,4364,8640
0,0,0,3016,4399,9330
0,0,0,3126,3621,9683
0,0,0,2999,4211,8436
0,0,0,3272,4604,8773
0,0,0,3059,3902,8827
0,0,0,2978,4581,9916
0,0,0,3193,4328,9182
0,0,0,3156,4473,8636
0,0,0,3017,4353,9064
0,0,0,3353,4518,8541
0,0,0,3100,4396,9110
0,0,0,3088,4664,8872
0,0,0,3107,4148,8923
0,0,0,2954,4500,9015
0,0,0,3125,4460,8779
0,0,0,2946,4277,9325
0,0,0,3186,4545,8894
0,0,0,3264,4617,8807
0,0,0,2844,4241,9108
0,0,0,3285,4650,8824
0,0,0,3191,4249,8887
0,0,0,2842,4466,9104
0,0,0,3345,4571,8659
0,0,0,2777,4459,9142
0,0,0,3324,4432,7018
0,0,0,3109,4182,8921
0,0,0,2880,4774,8572
0,0,0,3511,4036,8650
0,0,0,3127,4286,9035
0,0,0,2984,4676,8865
0,0,0,3446,4436,8595
0,0,0,3168,4056,8964
0,0,0,2942,4465,9022
0,0,0,3251,4576,9120
0,0,0,3060,5808,8927
0,0,0,2945,4678,8984
0,0,0,3328,4497,8639
0,0,0,3233,4081,8863
0,0,0,2765,4574,9139
0,0,0,3155,4598,8730
0,0,0,3558,4490,8678
0,0,0,2985,4273,7906
0,0,0,3054,4749,8610
0,0,0,3257,4403,8842
0,0,0,2943,4300,9146
0,0,0,3159,4595,8837
0,0,0,3163,4234,8859
0,0,0,2916,4533,9047
0,0,0,3393,4478,8561
0,0,0,3071,4395,9158
0,0,0,3031,5800,8991
0,0,0,3381,4442,8630
0,0,0,3386,4336,8801
0,0,0,2928,4697,8258
0,0,0,3494,4416,8640
0,0,0,3260,4400,9085
0,0,0,3124,4650,9009
0,0,0,3359,4344,8708
0,0,0,3032,4407,9256
0,0,0,3248,4628,8798
0,0,0,2341,4373,8817
0,0,0,3064,4324,8044
0,0,0,3112,4626,8903
0,0,0,2974,4418,8832
0,0,0,2785,4425,9129
0,0,0,3316,4343,8626
0,0,0,3350,4442,9099
0,0,0,3121,4602,8885
0,0,0,3019,4234,9270
0,0,0,3172,4533,8804
0,0,0,3119,4737,8972
0,0,0,3224,4640,8744
0,0,0,3238,4374,8834
0,0,0,2918,4416,9088
0,0,0,3152,4712,8770
0,0,0,3118,4891,8890
0,0,0,3322,4724,8840
0,0,0,3386,4402,8642
0,0,0,3011,4352,9181
0,0,0,2985,4689,8916
0,0,0,3363,4434,8666
0,0,0,2567,4585,9083
0,0,0,3089,4560,8796
0,0,0,3219,4105,8865
0,0,0,2347,4672,9365
0,0,0,3198,4541,8736
0,0,0,2926,4532,8959
0,0,0,3408,4537,8568
0,0,0,3056,4460,9309
0,0,0,3144,4580,8900
0,0,0,3213,4298,9026
0,0,0,2928,4776,9052
0,0,0,3442,4406,8040
0,0,0,3128,4268,8947
0,0,0,2756,4407,9198
0,0,0,3138,4613,8831
0,0,0,3192,5131,8924
0,0,0,2809,4481,8554
0,0,0,3245,4661,8787
0,0,0,3325,4466,7882
0,0,0,3354,4393,8734
0,0,0,2988,4244,8988
0,0,0,2948,4384,8937
0,0,0,3341,4512,8687
0,0,0,3125,4100,8979
0,0,0,3035,4180,8997
0,0,0,3365,4541,9672
0,0,0,3182,4120,8899
0,0,0,2849,4503,9070
0,0,0,3378,4490,9568
0,0,0,3183,4396,8916
0,0,0,2984,4334,9143
0,0,0,3092,4784,8889
0,0,0,3171,4623,8592
0,0,0,3172,4176,8849
0,0,0,3008,4319,9109
0,0,0,3098,4106,9041
0,0,0,3405,4404,8692
0,0,0,3219,4829,8854
0,0,0,2810,4273,9161
0,0,0,3360,4436,8642
0,0,0,3080,4322,9178
0,0,0,2825,4418,9097
0,0,0,3478,4450,8615
0,0,0,2698,4995,8945
0,0,0,3792,4320,9183
0,0,0,3162,4674,8813
0,0,0,3244,4423,8753
0,0,0,2991,4322,8691
0,0,0,3072,4732,8850
0,0,0,3184,4405,8816
0,0,0,3113,4209,9042
0,0,0,2969,4743,9027
0,0,0,3301,4387,8020
0,0,0,3238,4562,9152
0,0,0,3112,4601,8961
0,0,0,3017,4246,9204
0,0,0,3115,4520,8839
0,0,0,3272,4205,8849
0,0,0,2881,4822,8991
0,0,0,3248,4361,8645
0,0,0,3042,4465,9135
0,0,0,3162,4544,8986
0,0,0,3310,5153,8790
0,0,0,2817,4505,9058
0,0,0,3223,4583,9924
0,0,0,3108,4185,8819
0,0,0,3111,4238,8933
0,0,0,3225,4378,8736
0,0,0,3046,4276,8933
0,0,0,3202,4576,8800
0,0,0,3174,4229,8945
0,0,0,3052,4631,8967
0,0,0,3789,4384,8684
0,0,0,2970,4486,9032
0,0,0,3405,4429,8621
0,0,0,3073,4195,7726
0,0,0,3064,4600,8842
0,0,0,3363,4457,8720
0,0,0,2976,4248,9168
0,0,0,3094,4765,8857
0,0,0,3041,4472,8496
0,0,0,3305,4417,8735
0,0,0,3615,4319,9193
0,0,0,3180,5035,8734
0,0,0,3264,4466,8650
0,0,0,3023,4257,9211
0,0,0,3016,4811,9016
0,0,0,3314,4406,8750
0,0,0,2998,4296,8958
0,0,0,2997,4308,9126
0,0,0,2970,4708,8856
0,0,0,3381,4379,8384
0,0,0,3101,4263,9182
0,0,0,2804,4368,9119
0,0,0,3141,4598,8869
0,0,0,3266,4389,8883
0,0,0,3019,4192,8947
0,0,0,3102,4810,8887
0,0,0,3317,4491,8728
0,0,0,2663,4380,8840
0,0,0,2892,4479,9081
0,0,0,3471,4487,8520
0,0,0,3188,5239,8868
0,0,0,2844,4479,8921
0,0,0,3349,4599,9240
0,0,0,3144,4233,9050
0,0,0,2850,4732,9024
0,0,0,3422,4568,9891
0,0,0,2939,3572,9259
0,0,0,3104,4607,8792
0,0,0,3358,4389,8757
0,0,0,2969,4239,8574
0,0,0,3035,4764,8927
0,0,0,3336,4335,8681
0,0,0,3275,4132,8910
0,0,0,2959,4613,9108
0,0,0,3362,4481,9029
0,0,0,3178,5445,8879
0,0,0,2787,4400,8688
0,0,0,2970,4751,8977
0,0,0,3324,4602,9531
0,0,0,3312,4354,9182
0,0,0,2994,4716,8947
0,0,0,3304,4259,8749
0,0,0,3256,4460,9148
0,0,0,3112,4526,8842
0,0,0,3369,4249,8685
0,0,0,3542,4440,9174
0,0,0,3081,4605,8920
0,0,0,3465,4506,9523
0,0,0,3049,4191,9067
0,0,0,2879,4456,9045
0,0,0,2998,4666,8893
0,0,0,2986,4208,9058
0,0,0,3118,4566,8777
0,0,0,3122,4204,8921
0,0,0,2956,4664,8935
0,0,0,3326,4377,8681
0,0,0,3061,4352,9160
0,0,0,3083,4599,8867
0,0,0,3435,4324,8692
0,0,0,3047,4383,9135
0,0,0,3056,4615,8885
0,0,0,3396,4457,8662
0,0,0,2777,4477,9137
0,0,0,3028,4591,8842
0,0,0,3242,5297,8825
0,0,0,2814,4563,9099
0,0,0,3194,4514,8812
0,0,0,3120,4213,8452
0,0,0,3016,3925,8993
0,0,0,3422,4543,8580
0,0,0,3101,4190,8928
0,0,0,3076,4249,8916
0,0,0,2885,4684,8754
0,0,0,3234,4584,8918
0,0,0,3259,4437,8732
0,0,0,3080,4268,9146
0,0,0,2833,4567,9084
0,0,0,2958,4534,8913
0,0,0,3161,4260,8957
0,0,0,2875,4388,9133
0,0,0,3183,4677,8907
0,0,0,3268,4557,8823
0,0,0,3173,4160,8928
0,0,0,2837,4079,8974
0,0,0,3288,4315,8789
0,0,0,3097,4208,9034
0,0,0,2971,4734,8958
0,0,0,3323,4497,8437
0,0,0,3137,4399,9083
0,0,0,3096,4710,8915
0,0,0,3378,4400,8619
0,0,0,3084,4337,8837
0,0,0,3033,4716,8904
0,0,0,3316,4321,8681
0,0,0,3100,4308,9809
0,0,0,3088,4654,8848
0,0,0,3277,4270,8798
0,0,0,2850,4552,9200
0,0,0,3171,4544,9548
0,0,0,3146,4194,8851
0,0,0,2909,4693,9011
0,0,0,2876,4392,8625
0,0,0,3146,4218,8944
0,0,0,2881,4407,9077
0,0,0,3432,4471,9484
0,0,0,3088,4369,9140
0,0,0,872,4524,8985
0,0,0,3404,4198,10152
0,0,0,3012,4708,8996
0,0,0,3317,4271,8768
0,0,0,3198,4165,9153
0,0,0,3154,4694,9609
0,0,0,3254,3870,8834
0,0,0,3030,4336,9101
0,0,0,3080,4589,8826
0,0,0,3101,4247,9018
0,0,0,3359,4425,9042
0,0,0,2719,4693,8950
0,0,0,3138,4163,8975
0,0,0,2911,4658,9000
0,0,0,2472,4507,8700
0,0,0,3738,4364,9120
0,0,0,3477,4510,8563
0,0,0,2838,4370,9152
0,0,0,3114,4548,8849
0,0,0,3200,4200,8914
0,0,0,3063,4768,8855
0,0,0,3122,4215,8919
0,0,0,3020,4659,8959
0,0,0,3348,4300,8704
0,0,0,2815,4576,9074
0,0,0,3179,4526,8595
0,0,0,2881,4228,9172
0,0,0,3210,4568,8978
0,0,0,3033,4342,9210
0,0,0,3416,4486,9489
0,0,0,3068,4332,9086
0,0,0,3225,4604,9432
0,0,0,3255,3932,9152
0,0,0,3295,4325,8710
0,0,0,2908,4516,8937
0,0,0,3340,4297,8728
0,0,0,2443,4593,9700
0,0,0,3332,4352,8753
0,0,0,2839,4453,8967
0,0,0,2982,4545,9199
0,0,0,2997,4545,8909
0,0,0,3303,4780,8782
0,0,0,2909,3917,9030
0,0,0,3110,4151,8640
0,0,0,3008,4691,8845
0,0,0,3327,4036,8727
0,0,0,2794,4558,9124
0,0,0,2922,4515,9129
0,0,0,3048,5034,9079
0,0,0,2971,4566,9140
0,0,0,3198,4088,8887
0,0,0,3018,4462,8993
0,0,0,3398,4487,8666
0,0,0,3778,4406,9150
0,0,0,3377,4508,8886
0,0,0,3093,4241,9168
0,0,0,3130,4674,8772
0,0,0,3272,4424,8736
0,0,0,3076,4279,9267
0,0,0,3054,4655,8977
0,0,0,3232,4293,8714
0,0,0,2523,4418,9559
0,0,0,3117,4607,8880
0,0,0,3368,4520,8691
0,0,0,2992,4309,8822
0,0,0,2890,4194,8906
0,0,0,2945,4656,8821
0,0,0,3192,4287,8683
0,0,0,3371,4396,9108
0,0,0,3086,3936,8948
0,0,0,3006,4261,9092
0,0,0,3242,4612,8788
0,0,0,3088,4270,9541
0,0,0,3041,4618,8880
0,0,0,3408,4672,8650
0,0,0,3878,4489,9182
0,0,0,3152,4596,8778
0,0,0,3296,4415,8778
0,0,0,3069,4311,9196
0,0,0,3063,4750,8946
0,232,0,3380,4428,9589
0,0,0,3198,4078,8904
0,0,0,3738,4455,9229
0,0,0,3136,4609,8861
0,0,0,3300,4525,8658
0,0,0,3325,4300,8723
0,0,0,3196,4408,8701
0,0,0,3652,4557,8607
0,0,0,2952,4265,9240
0,0,0,3303,4523,9145
0,0,0,3227,4240,8956
0,0,0,2808,4695,8897
0,0,0,3322,4354,8468
0,0,0,3212,4672,8901
0,0,0,3398,4360,8872
0,0,0,2881,4512,9087
0,0,0,3176,4490,8431
0,0,0,3093,4261,9129
0,0,0,3505,4546,9602
0,0,0,3047,4157,9024
0,0,0,3069,4585,8896
0,0,0,3272,3877,8889
0,0,0,3599,4730,9001
0,0,0,3327,4411,8620
0,0,0,3132,4224,8981
0,0,0,3093,4616,8800
0,0,0,3119,4075,8700
0,0,0,3135,4593,8841
0,0,0,3136,4264,9007
0,0,0,2923,4524,8958
0,0,0,3123,4093,8712
0,0,0,3162,4558,8848
0,0,0,3250,4941,8789
0,0,0,2928,4627,9076
0,0,0,3251,4282,8821
0,0,0,3616,4404,9118
0,0,0,3137,4453,8827
0,0,0,3109,4458,8836
0,0,0,4370,4508,9105
0,0,0,3095,4670,8928
0,0,0,3329,4883,8757
0,0,0,2801,4500,9131
0,0,0,3050,4669,8834
0,0,0,3350,4321,8927
0,0,0,3847,4387,9220
0,0,0,3070,4594,8833
0,0,0,3222,4207,8969
0,0,0,2043,4710,8916
0,0,0,3105,4273,8989
0,0,0,3136,4540,8836
0,0,0,3333,4374,8637
0,0,0,2923,4532,9014
0,0,0,3322,4433,8677
0,0,0,2818,4447,9030
0,0,0,3540,4753,8560
0,0,0,3010,4213,9242
0,0,0,3050,4610,8794
0,0,0,3269,4092,8896
0,0,0,3038,4745,9255
0,0,0,3310,4349,8779
0,0,0,3963,4331,9040
0,0,0,3419,4398,8629
0,0,0,2479,6026,9190
0,0,0,3301,4404,8672
0,0,0,3245,4387,9075
0,0,0,3344,4370,8686
0,0,0,3096,4720,8864
0,0,0,3177,4204,8886
0,0,0,2935,4687,9024
0,0,0,3415,4337,8754
0,0,0,2895,4536,9071
0,0,0,3406,4216,8592
0,0,0,3281,4877,8777
0,0,0,2944,4662,9028
0,0,0,3232,5030,8833
0,0,0,3058,4449,8963
0,0,0,3417,4517,8587
0,0,0,3026,4397,9315
0,0,0,3162,4520,8907
0,0,0,3206,4122,9008
0,0,0,2091,4692,8973
0,0,0,3262,4323,8792
0,0,0,3002,4748,9002
0,0,0,3320,4376,8542
0,0,0,3040,4299,9226
0,0,0,3232,4539,8818
